Timing Analyzer report for grinalda
Tue Apr  8 10:46:05 2025
Quartus Prime Version 22.1std.2 Build 922 07/20/2023 SC Lite Edition


---------------------
; Table of Contents ;
---------------------
  1. Legal Notice
  2. Timing Analyzer Summary
  3. Parallel Compilation
  4. Clocks
  5. Slow 1200mV 85C Model Fmax Summary
  6. Timing Closure Recommendations
  7. Slow 1200mV 85C Model Setup Summary
  8. Slow 1200mV 85C Model Hold Summary
  9. Slow 1200mV 85C Model Recovery Summary
 10. Slow 1200mV 85C Model Removal Summary
 11. Slow 1200mV 85C Model Minimum Pulse Width Summary
 12. Slow 1200mV 85C Model Setup: 'CLOCK_50'
 13. Slow 1200mV 85C Model Setup: 'ClkDivider:clk_6s_period|clkOut'
 14. Slow 1200mV 85C Model Hold: 'ClkDivider:clk_6s_period|clkOut'
 15. Slow 1200mV 85C Model Hold: 'CLOCK_50'
 16. Slow 1200mV 85C Model Metastability Summary
 17. Slow 1200mV 0C Model Fmax Summary
 18. Slow 1200mV 0C Model Setup Summary
 19. Slow 1200mV 0C Model Hold Summary
 20. Slow 1200mV 0C Model Recovery Summary
 21. Slow 1200mV 0C Model Removal Summary
 22. Slow 1200mV 0C Model Minimum Pulse Width Summary
 23. Slow 1200mV 0C Model Setup: 'CLOCK_50'
 24. Slow 1200mV 0C Model Setup: 'ClkDivider:clk_6s_period|clkOut'
 25. Slow 1200mV 0C Model Hold: 'ClkDivider:clk_6s_period|clkOut'
 26. Slow 1200mV 0C Model Hold: 'CLOCK_50'
 27. Slow 1200mV 0C Model Metastability Summary
 28. Fast 1200mV 0C Model Setup Summary
 29. Fast 1200mV 0C Model Hold Summary
 30. Fast 1200mV 0C Model Recovery Summary
 31. Fast 1200mV 0C Model Removal Summary
 32. Fast 1200mV 0C Model Minimum Pulse Width Summary
 33. Fast 1200mV 0C Model Setup: 'CLOCK_50'
 34. Fast 1200mV 0C Model Setup: 'ClkDivider:clk_6s_period|clkOut'
 35. Fast 1200mV 0C Model Hold: 'CLOCK_50'
 36. Fast 1200mV 0C Model Hold: 'ClkDivider:clk_6s_period|clkOut'
 37. Fast 1200mV 0C Model Metastability Summary
 38. Multicorner Timing Analysis Summary
 39. Board Trace Model Assignments
 40. Input Transition Times
 41. Signal Integrity Metrics (Slow 1200mv 0c Model)
 42. Signal Integrity Metrics (Slow 1200mv 85c Model)
 43. Signal Integrity Metrics (Fast 1200mv 0c Model)
 44. Setup Transfers
 45. Hold Transfers
 46. Report TCCS
 47. Report RSKM
 48. Unconstrained Paths Summary
 49. Clock Status Summary
 50. Unconstrained Input Ports
 51. Unconstrained Output Ports
 52. Unconstrained Input Ports
 53. Unconstrained Output Ports
 54. Timing Analyzer Messages



----------------
; Legal Notice ;
----------------
Copyright (C) 2023  Intel Corporation. All rights reserved.
Your use of Intel Corporation's design tools, logic functions 
and other software and tools, and any partner logic 
functions, and any output files from any of the foregoing 
(including device programming or simulation files), and any 
associated documentation or information are expressly subject 
to the terms and conditions of the Intel Program License 
Subscription Agreement, the Intel Quartus Prime License Agreement,
the Intel FPGA IP License Agreement, or other applicable license
agreement, including, without limitation, that your use is for
the sole purpose of programming logic devices manufactured by
Intel and sold by Intel or its authorized distributors.  Please
refer to the applicable agreement for further details, at
https://fpgasoftware.intel.com/eula.



+--------------------------------------------------------------------------------+
; Timing Analyzer Summary                                                        ;
+-----------------------+--------------------------------------------------------+
; Quartus Prime Version ; Version 22.1std.2 Build 922 07/20/2023 SC Lite Edition ;
; Timing Analyzer       ; Legacy Timing Analyzer                                 ;
; Revision Name         ; grinalda                                               ;
; Device Family         ; Cyclone IV E                                           ;
; Device Name           ; EP4CE115F29C7                                          ;
; Timing Models         ; Final                                                  ;
; Delay Model           ; Combined                                               ;
; Rise/Fall Delays      ; Enabled                                                ;
+-----------------------+--------------------------------------------------------+


+------------------------------------------+
; Parallel Compilation                     ;
+----------------------------+-------------+
; Processors                 ; Number      ;
+----------------------------+-------------+
; Number detected on machine ; 12          ;
; Maximum allowed            ; 8           ;
;                            ;             ;
; Average used               ; 1.03        ;
; Maximum used               ; 8           ;
;                            ;             ;
; Usage by Processor         ; % Time Used ;
;     Processor 1            ; 100.0%      ;
;     Processors 2-8         ;   0.4%      ;
+----------------------------+-------------+


+----------------------------------------------------------------------------------------------------------------------------------------------------------------------------------------------------------------------------------+
; Clocks                                                                                                                                                                                                                           ;
+---------------------------------+------+--------+------------+-------+-------+------------+-----------+-------------+-------+--------+-----------+------------+----------+--------+--------+-------------------------------------+
; Clock Name                      ; Type ; Period ; Frequency  ; Rise  ; Fall  ; Duty Cycle ; Divide by ; Multiply by ; Phase ; Offset ; Edge List ; Edge Shift ; Inverted ; Master ; Source ; Targets                             ;
+---------------------------------+------+--------+------------+-------+-------+------------+-----------+-------------+-------+--------+-----------+------------+----------+--------+--------+-------------------------------------+
; ClkDivider:clk_6s_period|clkOut ; Base ; 1.000  ; 1000.0 MHz ; 0.000 ; 0.500 ;            ;           ;             ;       ;        ;           ;            ;          ;        ;        ; { ClkDivider:clk_6s_period|clkOut } ;
; CLOCK_50                        ; Base ; 1.000  ; 1000.0 MHz ; 0.000 ; 0.500 ;            ;           ;             ;       ;        ;           ;            ;          ;        ;        ; { CLOCK_50 }                        ;
+---------------------------------+------+--------+------------+-------+-------+------------+-----------+-------------+-------+--------+-----------+------------+----------+--------+--------+-------------------------------------+


+------------------------------------------------------------------------------------------------------------------+
; Slow 1200mV 85C Model Fmax Summary                                                                               ;
+-------------+-----------------+---------------------------------+------------------------------------------------+
; Fmax        ; Restricted Fmax ; Clock Name                      ; Note                                           ;
+-------------+-----------------+---------------------------------+------------------------------------------------+
; 182.92 MHz  ; 182.92 MHz      ; CLOCK_50                        ;                                                ;
; 1265.82 MHz ; 437.64 MHz      ; ClkDivider:clk_6s_period|clkOut ; limit due to minimum period restriction (tmin) ;
+-------------+-----------------+---------------------------------+------------------------------------------------+
This panel reports FMAX for every clock in the design, regardless of the user-specified clock periods.  FMAX is only computed for paths where the source and destination registers or ports are driven by the same clock.  Paths of different clocks, including generated clocks, are ignored.  For paths between a clock and its inversion, FMAX is computed as if the rising and falling edges are scaled along with FMAX, such that the duty cycle (in terms of a percentage) is maintained. Altera recommends that you always use clock constraints and other slack reports for sign-off analysis.


----------------------------------
; Timing Closure Recommendations ;
----------------------------------
HTML report is unavailable in plain text report export.


+----------------------------------------------------------+
; Slow 1200mV 85C Model Setup Summary                      ;
+---------------------------------+--------+---------------+
; Clock                           ; Slack  ; End Point TNS ;
+---------------------------------+--------+---------------+
; CLOCK_50                        ; -4.467 ; -267.224      ;
; ClkDivider:clk_6s_period|clkOut ; 0.210  ; 0.000         ;
+---------------------------------+--------+---------------+


+---------------------------------------------------------+
; Slow 1200mV 85C Model Hold Summary                      ;
+---------------------------------+-------+---------------+
; Clock                           ; Slack ; End Point TNS ;
+---------------------------------+-------+---------------+
; ClkDivider:clk_6s_period|clkOut ; 0.440 ; 0.000         ;
; CLOCK_50                        ; 0.442 ; 0.000         ;
+---------------------------------+-------+---------------+


------------------------------------------
; Slow 1200mV 85C Model Recovery Summary ;
------------------------------------------
No paths to report.


-----------------------------------------
; Slow 1200mV 85C Model Removal Summary ;
-----------------------------------------
No paths to report.


+----------------------------------------------------------+
; Slow 1200mV 85C Model Minimum Pulse Width Summary        ;
+---------------------------------+--------+---------------+
; Clock                           ; Slack  ; End Point TNS ;
+---------------------------------+--------+---------------+
; CLOCK_50                        ; -3.000 ; -107.085      ;
; ClkDivider:clk_6s_period|clkOut ; -1.285 ; -1.285        ;
+---------------------------------+--------+---------------+


+----------------------------------------------------------------------------------------------------------------------------------------------------------------------+
; Slow 1200mV 85C Model Setup: 'CLOCK_50'                                                                                                                              ;
+--------+-------------------------------------------+-------------------------------------------+--------------+-------------+--------------+------------+------------+
; Slack  ; From Node                                 ; To Node                                   ; Launch Clock ; Latch Clock ; Relationship ; Clock Skew ; Data Delay ;
+--------+-------------------------------------------+-------------------------------------------+--------------+-------------+--------------+------------+------------+
; -4.467 ; ClkDivider:clk_6s_period|s_divCounter[11] ; ClkDivider:clk_6s_period|clkOut           ; CLOCK_50     ; CLOCK_50    ; 1.000        ; -0.079     ; 5.386      ;
; -4.419 ; ClkDivider:clk_6s_period|s_divCounter[1]  ; ClkDivider:clk_6s_period|clkOut           ; CLOCK_50     ; CLOCK_50    ; 1.000        ; -0.079     ; 5.338      ;
; -4.417 ; ClkDivider:clk_6s_period|s_divCounter[10] ; ClkDivider:clk_6s_period|clkOut           ; CLOCK_50     ; CLOCK_50    ; 1.000        ; -0.079     ; 5.336      ;
; -4.407 ; ClkDivider:clk_6s_period|s_divCounter[0]  ; ClkDivider:clk_6s_period|clkOut           ; CLOCK_50     ; CLOCK_50    ; 1.000        ; -0.079     ; 5.326      ;
; -4.366 ; ClkDivider:clk_6s_period|s_divCounter[20] ; ClkDivider:clk_6s_period|clkOut           ; CLOCK_50     ; CLOCK_50    ; 1.000        ; -0.076     ; 5.288      ;
; -4.348 ; ClkDivider:clk_6s_period|s_divCounter[19] ; ClkDivider:clk_6s_period|clkOut           ; CLOCK_50     ; CLOCK_50    ; 1.000        ; -0.076     ; 5.270      ;
; -4.305 ; ClkDivider:clk_6s_period|s_divCounter[24] ; ClkDivider:clk_6s_period|clkOut           ; CLOCK_50     ; CLOCK_50    ; 1.000        ; -0.076     ; 5.227      ;
; -4.302 ; ClkDivider:clk_6s_period|s_divCounter[2]  ; ClkDivider:clk_6s_period|clkOut           ; CLOCK_50     ; CLOCK_50    ; 1.000        ; -0.079     ; 5.221      ;
; -4.274 ; ClkDivider:clk_6s_period|s_divCounter[26] ; ClkDivider:clk_6s_period|clkOut           ; CLOCK_50     ; CLOCK_50    ; 1.000        ; -0.076     ; 5.196      ;
; -4.250 ; ClkDivider:clk_6s_period|s_divCounter[27] ; ClkDivider:clk_6s_period|clkOut           ; CLOCK_50     ; CLOCK_50    ; 1.000        ; -0.076     ; 5.172      ;
; -4.230 ; ClkDivider:clk_6s_period|s_divCounter[15] ; ClkDivider:clk_6s_period|clkOut           ; CLOCK_50     ; CLOCK_50    ; 1.000        ; -0.076     ; 5.152      ;
; -4.225 ; ClkDivider:clk_6s_period|s_divCounter[8]  ; ClkDivider:clk_6s_period|clkOut           ; CLOCK_50     ; CLOCK_50    ; 1.000        ; -0.079     ; 5.144      ;
; -4.155 ; ClkDivider:clk_6s_period|s_divCounter[16] ; ClkDivider:clk_6s_period|clkOut           ; CLOCK_50     ; CLOCK_50    ; 1.000        ; -0.076     ; 5.077      ;
; -4.141 ; ClkDivider:clk_6s_period|s_divCounter[3]  ; ClkDivider:clk_6s_period|clkOut           ; CLOCK_50     ; CLOCK_50    ; 1.000        ; -0.079     ; 5.060      ;
; -4.068 ; ClkDivider:clk_6s_period|s_divCounter[4]  ; ClkDivider:clk_6s_period|clkOut           ; CLOCK_50     ; CLOCK_50    ; 1.000        ; -0.079     ; 4.987      ;
; -4.058 ; ClkDivider:clk_6s_period|s_divCounter[6]  ; ClkDivider:clk_6s_period|clkOut           ; CLOCK_50     ; CLOCK_50    ; 1.000        ; -0.079     ; 4.977      ;
; -4.054 ; ClkDivider:clk_6s_period|s_divCounter[7]  ; ClkDivider:clk_6s_period|clkOut           ; CLOCK_50     ; CLOCK_50    ; 1.000        ; -0.079     ; 4.973      ;
; -4.046 ; ClkDivider:clk_6s_period|s_divCounter[22] ; ClkDivider:clk_6s_period|clkOut           ; CLOCK_50     ; CLOCK_50    ; 1.000        ; -0.076     ; 4.968      ;
; -4.039 ; ClkDivider:clk_6s_period|s_divCounter[23] ; ClkDivider:clk_6s_period|clkOut           ; CLOCK_50     ; CLOCK_50    ; 1.000        ; -0.076     ; 4.961      ;
; -4.015 ; ClkDivider:clk_6s_period|s_divCounter[17] ; ClkDivider:clk_6s_period|clkOut           ; CLOCK_50     ; CLOCK_50    ; 1.000        ; -0.079     ; 4.934      ;
; -4.014 ; ClkDivider:clk_6s_period|s_divCounter[21] ; ClkDivider:clk_6s_period|clkOut           ; CLOCK_50     ; CLOCK_50    ; 1.000        ; -0.076     ; 4.936      ;
; -3.966 ; ClkDivider:clk_6s_period|s_divCounter[28] ; ClkDivider:clk_6s_period|clkOut           ; CLOCK_50     ; CLOCK_50    ; 1.000        ; -0.076     ; 4.888      ;
; -3.961 ; ClkDivider:clk_6s_period|s_divCounter[18] ; ClkDivider:clk_6s_period|clkOut           ; CLOCK_50     ; CLOCK_50    ; 1.000        ; -0.076     ; 4.883      ;
; -3.958 ; ClkDivider:clk_6s_period|s_divCounter[25] ; ClkDivider:clk_6s_period|clkOut           ; CLOCK_50     ; CLOCK_50    ; 1.000        ; -0.076     ; 4.880      ;
; -3.952 ; ClkDivider:clk_6s_period|s_divCounter[5]  ; ClkDivider:clk_6s_period|clkOut           ; CLOCK_50     ; CLOCK_50    ; 1.000        ; -0.079     ; 4.871      ;
; -3.946 ; ClkDivider:clk_6s_period|s_divCounter[12] ; ClkDivider:clk_6s_period|clkOut           ; CLOCK_50     ; CLOCK_50    ; 1.000        ; -0.079     ; 4.865      ;
; -3.909 ; ClkDivider:clk_6s_period|s_divCounter[13] ; ClkDivider:clk_6s_period|clkOut           ; CLOCK_50     ; CLOCK_50    ; 1.000        ; -0.079     ; 4.828      ;
; -3.796 ; ClkDivider:clk_6s_period|s_divCounter[9]  ; ClkDivider:clk_6s_period|clkOut           ; CLOCK_50     ; CLOCK_50    ; 1.000        ; -0.079     ; 4.715      ;
; -3.754 ; Blink_Gen:u_blink_1hz|s_counter[0]        ; Blink_Gen:u_blink_1hz|s_counter[25]       ; CLOCK_50     ; CLOCK_50    ; 1.000        ; -0.511     ; 4.241      ;
; -3.754 ; Blink_Gen:u_blink_1hz|s_counter[0]        ; Blink_Gen:u_blink_1hz|s_counter[23]       ; CLOCK_50     ; CLOCK_50    ; 1.000        ; -0.511     ; 4.241      ;
; -3.754 ; Blink_Gen:u_blink_1hz|s_counter[0]        ; Blink_Gen:u_blink_1hz|s_counter[19]       ; CLOCK_50     ; CLOCK_50    ; 1.000        ; -0.511     ; 4.241      ;
; -3.754 ; Blink_Gen:u_blink_1hz|s_counter[0]        ; Blink_Gen:u_blink_1hz|s_counter[20]       ; CLOCK_50     ; CLOCK_50    ; 1.000        ; -0.511     ; 4.241      ;
; -3.754 ; Blink_Gen:u_blink_1hz|s_counter[0]        ; Blink_Gen:u_blink_1hz|s_counter[21]       ; CLOCK_50     ; CLOCK_50    ; 1.000        ; -0.511     ; 4.241      ;
; -3.754 ; Blink_Gen:u_blink_1hz|s_counter[0]        ; Blink_Gen:u_blink_1hz|s_counter[22]       ; CLOCK_50     ; CLOCK_50    ; 1.000        ; -0.511     ; 4.241      ;
; -3.754 ; Blink_Gen:u_blink_1hz|s_counter[0]        ; Blink_Gen:u_blink_1hz|s_counter[24]       ; CLOCK_50     ; CLOCK_50    ; 1.000        ; -0.511     ; 4.241      ;
; -3.621 ; ClkDivider:clk_6s_period|s_divCounter[14] ; ClkDivider:clk_6s_period|clkOut           ; CLOCK_50     ; CLOCK_50    ; 1.000        ; -0.076     ; 4.543      ;
; -3.504 ; ClkDivider:clk_6s_period|s_divCounter[11] ; ClkDivider:clk_6s_period|s_divCounter[18] ; CLOCK_50     ; CLOCK_50    ; 1.000        ; -0.082     ; 4.420      ;
; -3.504 ; ClkDivider:clk_6s_period|s_divCounter[11] ; ClkDivider:clk_6s_period|s_divCounter[14] ; CLOCK_50     ; CLOCK_50    ; 1.000        ; -0.082     ; 4.420      ;
; -3.504 ; ClkDivider:clk_6s_period|s_divCounter[11] ; ClkDivider:clk_6s_period|s_divCounter[15] ; CLOCK_50     ; CLOCK_50    ; 1.000        ; -0.082     ; 4.420      ;
; -3.504 ; ClkDivider:clk_6s_period|s_divCounter[11] ; ClkDivider:clk_6s_period|s_divCounter[16] ; CLOCK_50     ; CLOCK_50    ; 1.000        ; -0.082     ; 4.420      ;
; -3.504 ; ClkDivider:clk_6s_period|s_divCounter[11] ; ClkDivider:clk_6s_period|s_divCounter[19] ; CLOCK_50     ; CLOCK_50    ; 1.000        ; -0.082     ; 4.420      ;
; -3.504 ; ClkDivider:clk_6s_period|s_divCounter[11] ; ClkDivider:clk_6s_period|s_divCounter[25] ; CLOCK_50     ; CLOCK_50    ; 1.000        ; -0.082     ; 4.420      ;
; -3.504 ; ClkDivider:clk_6s_period|s_divCounter[11] ; ClkDivider:clk_6s_period|s_divCounter[20] ; CLOCK_50     ; CLOCK_50    ; 1.000        ; -0.082     ; 4.420      ;
; -3.504 ; ClkDivider:clk_6s_period|s_divCounter[11] ; ClkDivider:clk_6s_period|s_divCounter[21] ; CLOCK_50     ; CLOCK_50    ; 1.000        ; -0.082     ; 4.420      ;
; -3.504 ; ClkDivider:clk_6s_period|s_divCounter[11] ; ClkDivider:clk_6s_period|s_divCounter[22] ; CLOCK_50     ; CLOCK_50    ; 1.000        ; -0.082     ; 4.420      ;
; -3.504 ; ClkDivider:clk_6s_period|s_divCounter[11] ; ClkDivider:clk_6s_period|s_divCounter[23] ; CLOCK_50     ; CLOCK_50    ; 1.000        ; -0.082     ; 4.420      ;
; -3.504 ; ClkDivider:clk_6s_period|s_divCounter[11] ; ClkDivider:clk_6s_period|s_divCounter[24] ; CLOCK_50     ; CLOCK_50    ; 1.000        ; -0.082     ; 4.420      ;
; -3.504 ; ClkDivider:clk_6s_period|s_divCounter[11] ; ClkDivider:clk_6s_period|s_divCounter[27] ; CLOCK_50     ; CLOCK_50    ; 1.000        ; -0.082     ; 4.420      ;
; -3.504 ; ClkDivider:clk_6s_period|s_divCounter[11] ; ClkDivider:clk_6s_period|s_divCounter[26] ; CLOCK_50     ; CLOCK_50    ; 1.000        ; -0.082     ; 4.420      ;
; -3.504 ; ClkDivider:clk_6s_period|s_divCounter[11] ; ClkDivider:clk_6s_period|s_divCounter[28] ; CLOCK_50     ; CLOCK_50    ; 1.000        ; -0.082     ; 4.420      ;
; -3.485 ; Blink_Gen:u_blink_1hz|s_counter[0]        ; Blink_Gen:u_blink_1hz|s_counter[6]        ; CLOCK_50     ; CLOCK_50    ; 1.000        ; -0.510     ; 3.973      ;
; -3.485 ; Blink_Gen:u_blink_1hz|s_counter[0]        ; Blink_Gen:u_blink_1hz|s_counter[1]        ; CLOCK_50     ; CLOCK_50    ; 1.000        ; -0.510     ; 3.973      ;
; -3.485 ; Blink_Gen:u_blink_1hz|s_counter[0]        ; Blink_Gen:u_blink_1hz|s_counter[2]        ; CLOCK_50     ; CLOCK_50    ; 1.000        ; -0.510     ; 3.973      ;
; -3.485 ; Blink_Gen:u_blink_1hz|s_counter[0]        ; Blink_Gen:u_blink_1hz|s_counter[3]        ; CLOCK_50     ; CLOCK_50    ; 1.000        ; -0.510     ; 3.973      ;
; -3.485 ; Blink_Gen:u_blink_1hz|s_counter[0]        ; Blink_Gen:u_blink_1hz|s_counter[4]        ; CLOCK_50     ; CLOCK_50    ; 1.000        ; -0.510     ; 3.973      ;
; -3.485 ; Blink_Gen:u_blink_1hz|s_counter[0]        ; Blink_Gen:u_blink_1hz|s_counter[5]        ; CLOCK_50     ; CLOCK_50    ; 1.000        ; -0.510     ; 3.973      ;
; -3.485 ; Blink_Gen:u_blink_1hz|s_counter[0]        ; Blink_Gen:u_blink_1hz|s_counter[7]        ; CLOCK_50     ; CLOCK_50    ; 1.000        ; -0.510     ; 3.973      ;
; -3.485 ; Blink_Gen:u_blink_1hz|s_counter[0]        ; Blink_Gen:u_blink_1hz|s_counter[8]        ; CLOCK_50     ; CLOCK_50    ; 1.000        ; -0.510     ; 3.973      ;
; -3.485 ; Blink_Gen:u_blink_1hz|s_counter[0]        ; Blink_Gen:u_blink_1hz|s_counter[9]        ; CLOCK_50     ; CLOCK_50    ; 1.000        ; -0.510     ; 3.973      ;
; -3.485 ; Blink_Gen:u_blink_1hz|s_counter[0]        ; Blink_Gen:u_blink_1hz|s_counter[10]       ; CLOCK_50     ; CLOCK_50    ; 1.000        ; -0.510     ; 3.973      ;
; -3.485 ; Blink_Gen:u_blink_1hz|s_counter[0]        ; Blink_Gen:u_blink_1hz|s_counter[11]       ; CLOCK_50     ; CLOCK_50    ; 1.000        ; -0.510     ; 3.973      ;
; -3.485 ; Blink_Gen:u_blink_1hz|s_counter[0]        ; Blink_Gen:u_blink_1hz|s_counter[12]       ; CLOCK_50     ; CLOCK_50    ; 1.000        ; -0.510     ; 3.973      ;
; -3.442 ; ClkDivider:clk_6s_period|s_divCounter[10] ; ClkDivider:clk_6s_period|s_divCounter[18] ; CLOCK_50     ; CLOCK_50    ; 1.000        ; -0.082     ; 4.358      ;
; -3.442 ; ClkDivider:clk_6s_period|s_divCounter[10] ; ClkDivider:clk_6s_period|s_divCounter[14] ; CLOCK_50     ; CLOCK_50    ; 1.000        ; -0.082     ; 4.358      ;
; -3.442 ; ClkDivider:clk_6s_period|s_divCounter[10] ; ClkDivider:clk_6s_period|s_divCounter[15] ; CLOCK_50     ; CLOCK_50    ; 1.000        ; -0.082     ; 4.358      ;
; -3.442 ; ClkDivider:clk_6s_period|s_divCounter[10] ; ClkDivider:clk_6s_period|s_divCounter[16] ; CLOCK_50     ; CLOCK_50    ; 1.000        ; -0.082     ; 4.358      ;
; -3.442 ; ClkDivider:clk_6s_period|s_divCounter[10] ; ClkDivider:clk_6s_period|s_divCounter[19] ; CLOCK_50     ; CLOCK_50    ; 1.000        ; -0.082     ; 4.358      ;
; -3.442 ; ClkDivider:clk_6s_period|s_divCounter[10] ; ClkDivider:clk_6s_period|s_divCounter[25] ; CLOCK_50     ; CLOCK_50    ; 1.000        ; -0.082     ; 4.358      ;
; -3.442 ; ClkDivider:clk_6s_period|s_divCounter[10] ; ClkDivider:clk_6s_period|s_divCounter[20] ; CLOCK_50     ; CLOCK_50    ; 1.000        ; -0.082     ; 4.358      ;
; -3.442 ; ClkDivider:clk_6s_period|s_divCounter[10] ; ClkDivider:clk_6s_period|s_divCounter[21] ; CLOCK_50     ; CLOCK_50    ; 1.000        ; -0.082     ; 4.358      ;
; -3.442 ; ClkDivider:clk_6s_period|s_divCounter[10] ; ClkDivider:clk_6s_period|s_divCounter[22] ; CLOCK_50     ; CLOCK_50    ; 1.000        ; -0.082     ; 4.358      ;
; -3.442 ; ClkDivider:clk_6s_period|s_divCounter[10] ; ClkDivider:clk_6s_period|s_divCounter[23] ; CLOCK_50     ; CLOCK_50    ; 1.000        ; -0.082     ; 4.358      ;
; -3.442 ; ClkDivider:clk_6s_period|s_divCounter[10] ; ClkDivider:clk_6s_period|s_divCounter[24] ; CLOCK_50     ; CLOCK_50    ; 1.000        ; -0.082     ; 4.358      ;
; -3.442 ; ClkDivider:clk_6s_period|s_divCounter[10] ; ClkDivider:clk_6s_period|s_divCounter[27] ; CLOCK_50     ; CLOCK_50    ; 1.000        ; -0.082     ; 4.358      ;
; -3.442 ; ClkDivider:clk_6s_period|s_divCounter[10] ; ClkDivider:clk_6s_period|s_divCounter[26] ; CLOCK_50     ; CLOCK_50    ; 1.000        ; -0.082     ; 4.358      ;
; -3.442 ; ClkDivider:clk_6s_period|s_divCounter[10] ; ClkDivider:clk_6s_period|s_divCounter[28] ; CLOCK_50     ; CLOCK_50    ; 1.000        ; -0.082     ; 4.358      ;
; -3.354 ; ClkDivider:clk_6s_period|s_divCounter[1]  ; ClkDivider:clk_6s_period|s_divCounter[18] ; CLOCK_50     ; CLOCK_50    ; 1.000        ; -0.082     ; 4.270      ;
; -3.354 ; ClkDivider:clk_6s_period|s_divCounter[1]  ; ClkDivider:clk_6s_period|s_divCounter[14] ; CLOCK_50     ; CLOCK_50    ; 1.000        ; -0.082     ; 4.270      ;
; -3.354 ; ClkDivider:clk_6s_period|s_divCounter[1]  ; ClkDivider:clk_6s_period|s_divCounter[15] ; CLOCK_50     ; CLOCK_50    ; 1.000        ; -0.082     ; 4.270      ;
; -3.354 ; ClkDivider:clk_6s_period|s_divCounter[1]  ; ClkDivider:clk_6s_period|s_divCounter[16] ; CLOCK_50     ; CLOCK_50    ; 1.000        ; -0.082     ; 4.270      ;
; -3.354 ; ClkDivider:clk_6s_period|s_divCounter[1]  ; ClkDivider:clk_6s_period|s_divCounter[19] ; CLOCK_50     ; CLOCK_50    ; 1.000        ; -0.082     ; 4.270      ;
; -3.354 ; ClkDivider:clk_6s_period|s_divCounter[1]  ; ClkDivider:clk_6s_period|s_divCounter[25] ; CLOCK_50     ; CLOCK_50    ; 1.000        ; -0.082     ; 4.270      ;
; -3.354 ; ClkDivider:clk_6s_period|s_divCounter[1]  ; ClkDivider:clk_6s_period|s_divCounter[20] ; CLOCK_50     ; CLOCK_50    ; 1.000        ; -0.082     ; 4.270      ;
; -3.354 ; ClkDivider:clk_6s_period|s_divCounter[1]  ; ClkDivider:clk_6s_period|s_divCounter[21] ; CLOCK_50     ; CLOCK_50    ; 1.000        ; -0.082     ; 4.270      ;
; -3.354 ; ClkDivider:clk_6s_period|s_divCounter[1]  ; ClkDivider:clk_6s_period|s_divCounter[22] ; CLOCK_50     ; CLOCK_50    ; 1.000        ; -0.082     ; 4.270      ;
; -3.354 ; ClkDivider:clk_6s_period|s_divCounter[1]  ; ClkDivider:clk_6s_period|s_divCounter[23] ; CLOCK_50     ; CLOCK_50    ; 1.000        ; -0.082     ; 4.270      ;
; -3.354 ; ClkDivider:clk_6s_period|s_divCounter[1]  ; ClkDivider:clk_6s_period|s_divCounter[24] ; CLOCK_50     ; CLOCK_50    ; 1.000        ; -0.082     ; 4.270      ;
; -3.354 ; ClkDivider:clk_6s_period|s_divCounter[1]  ; ClkDivider:clk_6s_period|s_divCounter[27] ; CLOCK_50     ; CLOCK_50    ; 1.000        ; -0.082     ; 4.270      ;
; -3.354 ; ClkDivider:clk_6s_period|s_divCounter[1]  ; ClkDivider:clk_6s_period|s_divCounter[26] ; CLOCK_50     ; CLOCK_50    ; 1.000        ; -0.082     ; 4.270      ;
; -3.354 ; ClkDivider:clk_6s_period|s_divCounter[1]  ; ClkDivider:clk_6s_period|s_divCounter[28] ; CLOCK_50     ; CLOCK_50    ; 1.000        ; -0.082     ; 4.270      ;
; -3.345 ; ClkDivider:clk_6s_period|s_divCounter[20] ; ClkDivider:clk_6s_period|s_divCounter[18] ; CLOCK_50     ; CLOCK_50    ; 1.000        ; -0.079     ; 4.264      ;
; -3.345 ; ClkDivider:clk_6s_period|s_divCounter[20] ; ClkDivider:clk_6s_period|s_divCounter[14] ; CLOCK_50     ; CLOCK_50    ; 1.000        ; -0.079     ; 4.264      ;
; -3.345 ; ClkDivider:clk_6s_period|s_divCounter[20] ; ClkDivider:clk_6s_period|s_divCounter[15] ; CLOCK_50     ; CLOCK_50    ; 1.000        ; -0.079     ; 4.264      ;
; -3.345 ; ClkDivider:clk_6s_period|s_divCounter[20] ; ClkDivider:clk_6s_period|s_divCounter[16] ; CLOCK_50     ; CLOCK_50    ; 1.000        ; -0.079     ; 4.264      ;
; -3.345 ; ClkDivider:clk_6s_period|s_divCounter[20] ; ClkDivider:clk_6s_period|s_divCounter[19] ; CLOCK_50     ; CLOCK_50    ; 1.000        ; -0.079     ; 4.264      ;
; -3.345 ; ClkDivider:clk_6s_period|s_divCounter[20] ; ClkDivider:clk_6s_period|s_divCounter[25] ; CLOCK_50     ; CLOCK_50    ; 1.000        ; -0.079     ; 4.264      ;
; -3.345 ; ClkDivider:clk_6s_period|s_divCounter[20] ; ClkDivider:clk_6s_period|s_divCounter[20] ; CLOCK_50     ; CLOCK_50    ; 1.000        ; -0.079     ; 4.264      ;
; -3.345 ; ClkDivider:clk_6s_period|s_divCounter[20] ; ClkDivider:clk_6s_period|s_divCounter[21] ; CLOCK_50     ; CLOCK_50    ; 1.000        ; -0.079     ; 4.264      ;
; -3.345 ; ClkDivider:clk_6s_period|s_divCounter[20] ; ClkDivider:clk_6s_period|s_divCounter[22] ; CLOCK_50     ; CLOCK_50    ; 1.000        ; -0.079     ; 4.264      ;
; -3.345 ; ClkDivider:clk_6s_period|s_divCounter[20] ; ClkDivider:clk_6s_period|s_divCounter[23] ; CLOCK_50     ; CLOCK_50    ; 1.000        ; -0.079     ; 4.264      ;
+--------+-------------------------------------------+-------------------------------------------+--------------+-------------+--------------+------------+------------+


+--------------------------------------------------------------------------------------------------------------------------------------------+
; Slow 1200mV 85C Model Setup: 'ClkDivider:clk_6s_period|clkOut'                                                                             ;
+-------+-----------+-----------+---------------------------------+---------------------------------+--------------+------------+------------+
; Slack ; From Node ; To Node   ; Launch Clock                    ; Latch Clock                     ; Relationship ; Clock Skew ; Data Delay ;
+-------+-----------+-----------+---------------------------------+---------------------------------+--------------+------------+------------+
; 0.210 ; enable_6s ; enable_6s ; ClkDivider:clk_6s_period|clkOut ; ClkDivider:clk_6s_period|clkOut ; 1.000        ; -0.043     ; 0.765      ;
+-------+-----------+-----------+---------------------------------+---------------------------------+--------------+------------+------------+


+--------------------------------------------------------------------------------------------------------------------------------------------+
; Slow 1200mV 85C Model Hold: 'ClkDivider:clk_6s_period|clkOut'                                                                              ;
+-------+-----------+-----------+---------------------------------+---------------------------------+--------------+------------+------------+
; Slack ; From Node ; To Node   ; Launch Clock                    ; Latch Clock                     ; Relationship ; Clock Skew ; Data Delay ;
+-------+-----------+-----------+---------------------------------+---------------------------------+--------------+------------+------------+
; 0.440 ; enable_6s ; enable_6s ; ClkDivider:clk_6s_period|clkOut ; ClkDivider:clk_6s_period|clkOut ; 0.000        ; 0.043      ; 0.669      ;
+-------+-----------+-----------+---------------------------------+---------------------------------+--------------+------------+------------+


+---------------------------------------------------------------------------------------------------------------------------------------------------------------------+
; Slow 1200mV 85C Model Hold: 'CLOCK_50'                                                                                                                              ;
+-------+-------------------------------------------+-------------------------------------------+--------------+-------------+--------------+------------+------------+
; Slack ; From Node                                 ; To Node                                   ; Launch Clock ; Latch Clock ; Relationship ; Clock Skew ; Data Delay ;
+-------+-------------------------------------------+-------------------------------------------+--------------+-------------+--------------+------------+------------+
; 0.442 ; Blink_Gen:u_blink_1hz|s_counter[25]       ; Blink_Gen:u_blink_1hz|s_counter[25]       ; CLOCK_50     ; CLOCK_50    ; 0.000        ; 0.080      ; 0.708      ;
; 0.465 ; ClkDivider:clk_6s_period|s_divCounter[28] ; ClkDivider:clk_6s_period|s_divCounter[28] ; CLOCK_50     ; CLOCK_50    ; 0.000        ; 0.079      ; 0.730      ;
; 0.465 ; Blink_Gen:u_blink_2hz|s_counter[24]       ; Blink_Gen:u_blink_2hz|s_counter[24]       ; CLOCK_50     ; CLOCK_50    ; 0.000        ; 0.080      ; 0.731      ;
; 0.640 ; Blink_Gen:u_blink_2hz|s_counter[7]        ; Blink_Gen:u_blink_2hz|s_counter[7]        ; CLOCK_50     ; CLOCK_50    ; 0.000        ; 0.080      ; 0.906      ;
; 0.640 ; Blink_Gen:u_blink_2hz|s_counter[9]        ; Blink_Gen:u_blink_2hz|s_counter[9]        ; CLOCK_50     ; CLOCK_50    ; 0.000        ; 0.080      ; 0.906      ;
; 0.641 ; ClkDivider:clk_6s_period|s_divCounter[1]  ; ClkDivider:clk_6s_period|s_divCounter[1]  ; CLOCK_50     ; CLOCK_50    ; 0.000        ; 0.080      ; 0.907      ;
; 0.641 ; Blink_Gen:u_blink_1hz|s_counter[18]       ; Blink_Gen:u_blink_1hz|s_counter[18]       ; CLOCK_50     ; CLOCK_50    ; 0.000        ; 0.097      ; 0.924      ;
; 0.642 ; ClkDivider:clk_6s_period|s_divCounter[3]  ; ClkDivider:clk_6s_period|s_divCounter[3]  ; CLOCK_50     ; CLOCK_50    ; 0.000        ; 0.080      ; 0.908      ;
; 0.642 ; Blink_Gen:u_blink_1hz|s_counter[3]        ; Blink_Gen:u_blink_1hz|s_counter[3]        ; CLOCK_50     ; CLOCK_50    ; 0.000        ; 0.080      ; 0.908      ;
; 0.642 ; Blink_Gen:u_blink_1hz|s_counter[10]       ; Blink_Gen:u_blink_1hz|s_counter[10]       ; CLOCK_50     ; CLOCK_50    ; 0.000        ; 0.080      ; 0.908      ;
; 0.642 ; Blink_Gen:u_blink_1hz|s_counter[19]       ; Blink_Gen:u_blink_1hz|s_counter[19]       ; CLOCK_50     ; CLOCK_50    ; 0.000        ; 0.080      ; 0.908      ;
; 0.643 ; Blink_Gen:u_blink_1hz|s_counter[7]        ; Blink_Gen:u_blink_1hz|s_counter[7]        ; CLOCK_50     ; CLOCK_50    ; 0.000        ; 0.080      ; 0.909      ;
; 0.643 ; Blink_Gen:u_blink_1hz|s_counter[8]        ; Blink_Gen:u_blink_1hz|s_counter[8]        ; CLOCK_50     ; CLOCK_50    ; 0.000        ; 0.080      ; 0.909      ;
; 0.643 ; Blink_Gen:u_blink_1hz|s_counter[9]        ; Blink_Gen:u_blink_1hz|s_counter[9]        ; CLOCK_50     ; CLOCK_50    ; 0.000        ; 0.080      ; 0.909      ;
; 0.644 ; ClkDivider:clk_6s_period|s_divCounter[4]  ; ClkDivider:clk_6s_period|s_divCounter[4]  ; CLOCK_50     ; CLOCK_50    ; 0.000        ; 0.080      ; 0.910      ;
; 0.644 ; ClkDivider:clk_6s_period|s_divCounter[5]  ; ClkDivider:clk_6s_period|s_divCounter[5]  ; CLOCK_50     ; CLOCK_50    ; 0.000        ; 0.080      ; 0.910      ;
; 0.644 ; Blink_Gen:u_blink_1hz|s_counter[1]        ; Blink_Gen:u_blink_1hz|s_counter[1]        ; CLOCK_50     ; CLOCK_50    ; 0.000        ; 0.080      ; 0.910      ;
; 0.644 ; Blink_Gen:u_blink_1hz|s_counter[2]        ; Blink_Gen:u_blink_1hz|s_counter[2]        ; CLOCK_50     ; CLOCK_50    ; 0.000        ; 0.080      ; 0.910      ;
; 0.644 ; Blink_Gen:u_blink_1hz|s_counter[5]        ; Blink_Gen:u_blink_1hz|s_counter[5]        ; CLOCK_50     ; CLOCK_50    ; 0.000        ; 0.080      ; 0.910      ;
; 0.644 ; Blink_Gen:u_blink_2hz|s_counter[3]        ; Blink_Gen:u_blink_2hz|s_counter[3]        ; CLOCK_50     ; CLOCK_50    ; 0.000        ; 0.080      ; 0.910      ;
; 0.644 ; Blink_Gen:u_blink_2hz|s_counter[18]       ; Blink_Gen:u_blink_2hz|s_counter[18]       ; CLOCK_50     ; CLOCK_50    ; 0.000        ; 0.080      ; 0.910      ;
; 0.645 ; Blink_Gen:u_blink_1hz|s_counter[21]       ; Blink_Gen:u_blink_1hz|s_counter[21]       ; CLOCK_50     ; CLOCK_50    ; 0.000        ; 0.080      ; 0.911      ;
; 0.645 ; Blink_Gen:u_blink_2hz|s_counter[8]        ; Blink_Gen:u_blink_2hz|s_counter[8]        ; CLOCK_50     ; CLOCK_50    ; 0.000        ; 0.080      ; 0.911      ;
; 0.645 ; Blink_Gen:u_blink_2hz|s_counter[19]       ; Blink_Gen:u_blink_2hz|s_counter[19]       ; CLOCK_50     ; CLOCK_50    ; 0.000        ; 0.080      ; 0.911      ;
; 0.646 ; Blink_Gen:u_blink_2hz|s_counter[6]        ; Blink_Gen:u_blink_2hz|s_counter[6]        ; CLOCK_50     ; CLOCK_50    ; 0.000        ; 0.080      ; 0.912      ;
; 0.647 ; ClkDivider:clk_6s_period|s_divCounter[2]  ; ClkDivider:clk_6s_period|s_divCounter[2]  ; CLOCK_50     ; CLOCK_50    ; 0.000        ; 0.080      ; 0.913      ;
; 0.647 ; ClkDivider:clk_6s_period|s_divCounter[6]  ; ClkDivider:clk_6s_period|s_divCounter[6]  ; CLOCK_50     ; CLOCK_50    ; 0.000        ; 0.080      ; 0.913      ;
; 0.648 ; Blink_Gen:u_blink_1hz|s_counter[4]        ; Blink_Gen:u_blink_1hz|s_counter[4]        ; CLOCK_50     ; CLOCK_50    ; 0.000        ; 0.080      ; 0.914      ;
; 0.648 ; Blink_Gen:u_blink_1hz|s_counter[20]       ; Blink_Gen:u_blink_1hz|s_counter[20]       ; CLOCK_50     ; CLOCK_50    ; 0.000        ; 0.080      ; 0.914      ;
; 0.648 ; Blink_Gen:u_blink_1hz|s_counter[22]       ; Blink_Gen:u_blink_1hz|s_counter[22]       ; CLOCK_50     ; CLOCK_50    ; 0.000        ; 0.080      ; 0.914      ;
; 0.654 ; ClkDivider:clk_6s_period|s_divCounter[13] ; ClkDivider:clk_6s_period|s_divCounter[13] ; CLOCK_50     ; CLOCK_50    ; 0.000        ; 0.080      ; 0.920      ;
; 0.654 ; Blink_Gen:u_blink_2hz|s_counter[11]       ; Blink_Gen:u_blink_2hz|s_counter[11]       ; CLOCK_50     ; CLOCK_50    ; 0.000        ; 0.080      ; 0.920      ;
; 0.655 ; Blink_Gen:u_blink_2hz|s_counter[1]        ; Blink_Gen:u_blink_2hz|s_counter[1]        ; CLOCK_50     ; CLOCK_50    ; 0.000        ; 0.080      ; 0.921      ;
; 0.656 ; ClkDivider:clk_6s_period|s_divCounter[9]  ; ClkDivider:clk_6s_period|s_divCounter[9]  ; CLOCK_50     ; CLOCK_50    ; 0.000        ; 0.080      ; 0.922      ;
; 0.657 ; ClkDivider:clk_6s_period|s_divCounter[19] ; ClkDivider:clk_6s_period|s_divCounter[19] ; CLOCK_50     ; CLOCK_50    ; 0.000        ; 0.079      ; 0.922      ;
; 0.657 ; ClkDivider:clk_6s_period|s_divCounter[27] ; ClkDivider:clk_6s_period|s_divCounter[27] ; CLOCK_50     ; CLOCK_50    ; 0.000        ; 0.079      ; 0.922      ;
; 0.657 ; Blink_Gen:u_blink_1hz|s_counter[11]       ; Blink_Gen:u_blink_1hz|s_counter[11]       ; CLOCK_50     ; CLOCK_50    ; 0.000        ; 0.080      ; 0.923      ;
; 0.657 ; Blink_Gen:u_blink_1hz|s_counter[12]       ; Blink_Gen:u_blink_1hz|s_counter[12]       ; CLOCK_50     ; CLOCK_50    ; 0.000        ; 0.080      ; 0.923      ;
; 0.657 ; Blink_Gen:u_blink_2hz|s_counter[2]        ; Blink_Gen:u_blink_2hz|s_counter[2]        ; CLOCK_50     ; CLOCK_50    ; 0.000        ; 0.080      ; 0.923      ;
; 0.657 ; Blink_Gen:u_blink_2hz|s_counter[23]       ; Blink_Gen:u_blink_2hz|s_counter[23]       ; CLOCK_50     ; CLOCK_50    ; 0.000        ; 0.080      ; 0.923      ;
; 0.658 ; ClkDivider:clk_6s_period|s_divCounter[7]  ; ClkDivider:clk_6s_period|s_divCounter[7]  ; CLOCK_50     ; CLOCK_50    ; 0.000        ; 0.080      ; 0.924      ;
; 0.658 ; ClkDivider:clk_6s_period|s_divCounter[25] ; ClkDivider:clk_6s_period|s_divCounter[25] ; CLOCK_50     ; CLOCK_50    ; 0.000        ; 0.079      ; 0.923      ;
; 0.658 ; Blink_Gen:u_blink_2hz|s_counter[5]        ; Blink_Gen:u_blink_2hz|s_counter[5]        ; CLOCK_50     ; CLOCK_50    ; 0.000        ; 0.080      ; 0.924      ;
; 0.659 ; Blink_Gen:u_blink_1hz|s_counter[0]        ; Blink_Gen:u_blink_1hz|s_counter[0]        ; CLOCK_50     ; CLOCK_50    ; 0.000        ; 0.097      ; 0.942      ;
; 0.659 ; Blink_Gen:u_blink_1hz|s_counter[24]       ; Blink_Gen:u_blink_1hz|s_counter[24]       ; CLOCK_50     ; CLOCK_50    ; 0.000        ; 0.080      ; 0.925      ;
; 0.660 ; ClkDivider:clk_6s_period|s_divCounter[12] ; ClkDivider:clk_6s_period|s_divCounter[12] ; CLOCK_50     ; CLOCK_50    ; 0.000        ; 0.080      ; 0.926      ;
; 0.660 ; ClkDivider:clk_6s_period|s_divCounter[21] ; ClkDivider:clk_6s_period|s_divCounter[21] ; CLOCK_50     ; CLOCK_50    ; 0.000        ; 0.079      ; 0.925      ;
; 0.660 ; ClkDivider:clk_6s_period|s_divCounter[23] ; ClkDivider:clk_6s_period|s_divCounter[23] ; CLOCK_50     ; CLOCK_50    ; 0.000        ; 0.079      ; 0.925      ;
; 0.660 ; Blink_Gen:u_blink_1hz|s_counter[23]       ; Blink_Gen:u_blink_1hz|s_counter[23]       ; CLOCK_50     ; CLOCK_50    ; 0.000        ; 0.080      ; 0.926      ;
; 0.660 ; Blink_Gen:u_blink_2hz|s_counter[10]       ; Blink_Gen:u_blink_2hz|s_counter[10]       ; CLOCK_50     ; CLOCK_50    ; 0.000        ; 0.080      ; 0.926      ;
; 0.661 ; ClkDivider:clk_6s_period|s_divCounter[8]  ; ClkDivider:clk_6s_period|s_divCounter[8]  ; CLOCK_50     ; CLOCK_50    ; 0.000        ; 0.080      ; 0.927      ;
; 0.661 ; ClkDivider:clk_6s_period|s_divCounter[10] ; ClkDivider:clk_6s_period|s_divCounter[10] ; CLOCK_50     ; CLOCK_50    ; 0.000        ; 0.080      ; 0.927      ;
; 0.661 ; ClkDivider:clk_6s_period|s_divCounter[14] ; ClkDivider:clk_6s_period|s_divCounter[14] ; CLOCK_50     ; CLOCK_50    ; 0.000        ; 0.079      ; 0.926      ;
; 0.661 ; Blink_Gen:u_blink_2hz|s_counter[4]        ; Blink_Gen:u_blink_2hz|s_counter[4]        ; CLOCK_50     ; CLOCK_50    ; 0.000        ; 0.080      ; 0.927      ;
; 0.663 ; ClkDivider:clk_6s_period|s_divCounter[18] ; ClkDivider:clk_6s_period|s_divCounter[18] ; CLOCK_50     ; CLOCK_50    ; 0.000        ; 0.079      ; 0.928      ;
; 0.663 ; ClkDivider:clk_6s_period|s_divCounter[22] ; ClkDivider:clk_6s_period|s_divCounter[22] ; CLOCK_50     ; CLOCK_50    ; 0.000        ; 0.079      ; 0.928      ;
; 0.663 ; ClkDivider:clk_6s_period|s_divCounter[24] ; ClkDivider:clk_6s_period|s_divCounter[24] ; CLOCK_50     ; CLOCK_50    ; 0.000        ; 0.079      ; 0.928      ;
; 0.663 ; Blink_Gen:u_blink_2hz|s_counter[22]       ; Blink_Gen:u_blink_2hz|s_counter[22]       ; CLOCK_50     ; CLOCK_50    ; 0.000        ; 0.080      ; 0.929      ;
; 0.665 ; ClkDivider:clk_6s_period|s_divCounter[15] ; ClkDivider:clk_6s_period|s_divCounter[15] ; CLOCK_50     ; CLOCK_50    ; 0.000        ; 0.079      ; 0.930      ;
; 0.666 ; Blink_Gen:u_blink_2hz|s_counter[0]        ; Blink_Gen:u_blink_2hz|s_counter[0]        ; CLOCK_50     ; CLOCK_50    ; 0.000        ; 0.097      ; 0.949      ;
; 0.669 ; ClkDivider:clk_6s_period|s_divCounter[0]  ; ClkDivider:clk_6s_period|s_divCounter[0]  ; CLOCK_50     ; CLOCK_50    ; 0.000        ; 0.080      ; 0.935      ;
; 0.669 ; Blink_Gen:u_blink_1hz|s_counter[6]        ; Blink_Gen:u_blink_1hz|s_counter[6]        ; CLOCK_50     ; CLOCK_50    ; 0.000        ; 0.080      ; 0.935      ;
; 0.677 ; ClkDivider:clk_6s_period|s_divCounter[11] ; ClkDivider:clk_6s_period|s_divCounter[11] ; CLOCK_50     ; CLOCK_50    ; 0.000        ; 0.080      ; 0.943      ;
; 0.686 ; ClkDivider:clk_6s_period|s_divCounter[26] ; ClkDivider:clk_6s_period|s_divCounter[26] ; CLOCK_50     ; CLOCK_50    ; 0.000        ; 0.079      ; 0.951      ;
; 0.812 ; Blink_Gen:u_blink_1hz|s_counter[12]       ; Blink_Gen:u_blink_1hz|s_counter[18]       ; CLOCK_50     ; CLOCK_50    ; 0.000        ; 0.509      ; 1.507      ;
; 0.822 ; Blink_Gen:u_blink_2hz|s_counter[21]       ; Blink_Gen:u_blink_2hz|s_counter[21]       ; CLOCK_50     ; CLOCK_50    ; 0.000        ; 0.080      ; 1.088      ;
; 0.824 ; ClkDivider:clk_6s_period|s_divCounter[16] ; ClkDivider:clk_6s_period|s_divCounter[16] ; CLOCK_50     ; CLOCK_50    ; 0.000        ; 0.079      ; 1.089      ;
; 0.824 ; Blink_Gen:u_blink_2hz|s_counter[20]       ; Blink_Gen:u_blink_2hz|s_counter[20]       ; CLOCK_50     ; CLOCK_50    ; 0.000        ; 0.080      ; 1.090      ;
; 0.836 ; ClkDivider:clk_6s_period|s_divCounter[20] ; ClkDivider:clk_6s_period|s_divCounter[20] ; CLOCK_50     ; CLOCK_50    ; 0.000        ; 0.079      ; 1.101      ;
; 0.923 ; Blink_Gen:u_blink_1hz|s_counter[11]       ; Blink_Gen:u_blink_1hz|s_counter[18]       ; CLOCK_50     ; CLOCK_50    ; 0.000        ; 0.509      ; 1.618      ;
; 0.923 ; Blink_Gen:u_blink_1hz|s_counter[10]       ; Blink_Gen:u_blink_1hz|s_counter[18]       ; CLOCK_50     ; CLOCK_50    ; 0.000        ; 0.509      ; 1.618      ;
; 0.958 ; Blink_Gen:u_blink_2hz|s_counter[7]        ; Blink_Gen:u_blink_2hz|s_counter[8]        ; CLOCK_50     ; CLOCK_50    ; 0.000        ; 0.080      ; 1.224      ;
; 0.958 ; Blink_Gen:u_blink_2hz|s_counter[9]        ; Blink_Gen:u_blink_2hz|s_counter[10]       ; CLOCK_50     ; CLOCK_50    ; 0.000        ; 0.080      ; 1.224      ;
; 0.959 ; ClkDivider:clk_6s_period|s_divCounter[1]  ; ClkDivider:clk_6s_period|s_divCounter[2]  ; CLOCK_50     ; CLOCK_50    ; 0.000        ; 0.080      ; 1.225      ;
; 0.960 ; Blink_Gen:u_blink_1hz|s_counter[9]        ; Blink_Gen:u_blink_1hz|s_counter[10]       ; CLOCK_50     ; CLOCK_50    ; 0.000        ; 0.080      ; 1.226      ;
; 0.960 ; Blink_Gen:u_blink_1hz|s_counter[7]        ; Blink_Gen:u_blink_1hz|s_counter[8]        ; CLOCK_50     ; CLOCK_50    ; 0.000        ; 0.080      ; 1.226      ;
; 0.960 ; ClkDivider:clk_6s_period|s_divCounter[3]  ; ClkDivider:clk_6s_period|s_divCounter[4]  ; CLOCK_50     ; CLOCK_50    ; 0.000        ; 0.080      ; 1.226      ;
; 0.960 ; Blink_Gen:u_blink_1hz|s_counter[3]        ; Blink_Gen:u_blink_1hz|s_counter[4]        ; CLOCK_50     ; CLOCK_50    ; 0.000        ; 0.080      ; 1.226      ;
; 0.960 ; Blink_Gen:u_blink_1hz|s_counter[19]       ; Blink_Gen:u_blink_1hz|s_counter[20]       ; CLOCK_50     ; CLOCK_50    ; 0.000        ; 0.080      ; 1.226      ;
; 0.961 ; Blink_Gen:u_blink_1hz|s_counter[1]        ; Blink_Gen:u_blink_1hz|s_counter[2]        ; CLOCK_50     ; CLOCK_50    ; 0.000        ; 0.080      ; 1.227      ;
; 0.961 ; ClkDivider:clk_6s_period|s_divCounter[5]  ; ClkDivider:clk_6s_period|s_divCounter[6]  ; CLOCK_50     ; CLOCK_50    ; 0.000        ; 0.080      ; 1.227      ;
; 0.961 ; Blink_Gen:u_blink_2hz|s_counter[3]        ; Blink_Gen:u_blink_2hz|s_counter[4]        ; CLOCK_50     ; CLOCK_50    ; 0.000        ; 0.080      ; 1.227      ;
; 0.961 ; Blink_Gen:u_blink_1hz|s_counter[5]        ; Blink_Gen:u_blink_1hz|s_counter[6]        ; CLOCK_50     ; CLOCK_50    ; 0.000        ; 0.080      ; 1.227      ;
; 0.962 ; Blink_Gen:u_blink_1hz|s_counter[21]       ; Blink_Gen:u_blink_1hz|s_counter[22]       ; CLOCK_50     ; CLOCK_50    ; 0.000        ; 0.080      ; 1.228      ;
; 0.962 ; Blink_Gen:u_blink_2hz|s_counter[19]       ; Blink_Gen:u_blink_2hz|s_counter[20]       ; CLOCK_50     ; CLOCK_50    ; 0.000        ; 0.080      ; 1.228      ;
; 0.969 ; Blink_Gen:u_blink_1hz|s_counter[10]       ; Blink_Gen:u_blink_1hz|s_counter[11]       ; CLOCK_50     ; CLOCK_50    ; 0.000        ; 0.080      ; 1.235      ;
; 0.970 ; Blink_Gen:u_blink_1hz|s_counter[8]        ; Blink_Gen:u_blink_1hz|s_counter[9]        ; CLOCK_50     ; CLOCK_50    ; 0.000        ; 0.080      ; 1.236      ;
; 0.971 ; Blink_Gen:u_blink_1hz|s_counter[2]        ; Blink_Gen:u_blink_1hz|s_counter[3]        ; CLOCK_50     ; CLOCK_50    ; 0.000        ; 0.080      ; 1.237      ;
; 0.971 ; ClkDivider:clk_6s_period|s_divCounter[4]  ; ClkDivider:clk_6s_period|s_divCounter[5]  ; CLOCK_50     ; CLOCK_50    ; 0.000        ; 0.080      ; 1.237      ;
; 0.971 ; Blink_Gen:u_blink_2hz|s_counter[18]       ; Blink_Gen:u_blink_2hz|s_counter[19]       ; CLOCK_50     ; CLOCK_50    ; 0.000        ; 0.080      ; 1.237      ;
; 0.972 ; Blink_Gen:u_blink_2hz|s_counter[8]        ; Blink_Gen:u_blink_2hz|s_counter[9]        ; CLOCK_50     ; CLOCK_50    ; 0.000        ; 0.080      ; 1.238      ;
; 0.973 ; Blink_Gen:u_blink_2hz|s_counter[1]        ; Blink_Gen:u_blink_2hz|s_counter[2]        ; CLOCK_50     ; CLOCK_50    ; 0.000        ; 0.080      ; 1.239      ;
; 0.973 ; Blink_Gen:u_blink_2hz|s_counter[6]        ; Blink_Gen:u_blink_2hz|s_counter[7]        ; CLOCK_50     ; CLOCK_50    ; 0.000        ; 0.080      ; 1.239      ;
; 0.973 ; ClkDivider:clk_6s_period|s_divCounter[0]  ; ClkDivider:clk_6s_period|s_divCounter[1]  ; CLOCK_50     ; CLOCK_50    ; 0.000        ; 0.080      ; 1.239      ;
; 0.974 ; Blink_Gen:u_blink_1hz|s_counter[11]       ; Blink_Gen:u_blink_1hz|s_counter[12]       ; CLOCK_50     ; CLOCK_50    ; 0.000        ; 0.080      ; 1.240      ;
; 0.974 ; ClkDivider:clk_6s_period|s_divCounter[9]  ; ClkDivider:clk_6s_period|s_divCounter[10] ; CLOCK_50     ; CLOCK_50    ; 0.000        ; 0.080      ; 1.240      ;
; 0.974 ; ClkDivider:clk_6s_period|s_divCounter[2]  ; ClkDivider:clk_6s_period|s_divCounter[3]  ; CLOCK_50     ; CLOCK_50    ; 0.000        ; 0.080      ; 1.240      ;
; 0.974 ; ClkDivider:clk_6s_period|s_divCounter[6]  ; ClkDivider:clk_6s_period|s_divCounter[7]  ; CLOCK_50     ; CLOCK_50    ; 0.000        ; 0.080      ; 1.240      ;
; 0.974 ; Blink_Gen:u_blink_1hz|s_counter[10]       ; Blink_Gen:u_blink_1hz|s_counter[12]       ; CLOCK_50     ; CLOCK_50    ; 0.000        ; 0.080      ; 1.240      ;
; 0.975 ; ClkDivider:clk_6s_period|s_divCounter[27] ; ClkDivider:clk_6s_period|s_divCounter[28] ; CLOCK_50     ; CLOCK_50    ; 0.000        ; 0.079      ; 1.240      ;
+-------+-------------------------------------------+-------------------------------------------+--------------+-------------+--------------+------------+------------+


-----------------------------------------------
; Slow 1200mV 85C Model Metastability Summary ;
-----------------------------------------------
No synchronizer chains to report.


+------------------------------------------------------------------------------------------------------------------+
; Slow 1200mV 0C Model Fmax Summary                                                                                ;
+-------------+-----------------+---------------------------------+------------------------------------------------+
; Fmax        ; Restricted Fmax ; Clock Name                      ; Note                                           ;
+-------------+-----------------+---------------------------------+------------------------------------------------+
; 198.49 MHz  ; 198.49 MHz      ; CLOCK_50                        ;                                                ;
; 1422.48 MHz ; 437.64 MHz      ; ClkDivider:clk_6s_period|clkOut ; limit due to minimum period restriction (tmin) ;
+-------------+-----------------+---------------------------------+------------------------------------------------+
This panel reports FMAX for every clock in the design, regardless of the user-specified clock periods.  FMAX is only computed for paths where the source and destination registers or ports are driven by the same clock.  Paths of different clocks, including generated clocks, are ignored.  For paths between a clock and its inversion, FMAX is computed as if the rising and falling edges are scaled along with FMAX, such that the duty cycle (in terms of a percentage) is maintained. Altera recommends that you always use clock constraints and other slack reports for sign-off analysis.


+----------------------------------------------------------+
; Slow 1200mV 0C Model Setup Summary                       ;
+---------------------------------+--------+---------------+
; Clock                           ; Slack  ; End Point TNS ;
+---------------------------------+--------+---------------+
; CLOCK_50                        ; -4.038 ; -237.781      ;
; ClkDivider:clk_6s_period|clkOut ; 0.297  ; 0.000         ;
+---------------------------------+--------+---------------+


+---------------------------------------------------------+
; Slow 1200mV 0C Model Hold Summary                       ;
+---------------------------------+-------+---------------+
; Clock                           ; Slack ; End Point TNS ;
+---------------------------------+-------+---------------+
; ClkDivider:clk_6s_period|clkOut ; 0.387 ; 0.000         ;
; CLOCK_50                        ; 0.401 ; 0.000         ;
+---------------------------------+-------+---------------+


-----------------------------------------
; Slow 1200mV 0C Model Recovery Summary ;
-----------------------------------------
No paths to report.


----------------------------------------
; Slow 1200mV 0C Model Removal Summary ;
----------------------------------------
No paths to report.


+----------------------------------------------------------+
; Slow 1200mV 0C Model Minimum Pulse Width Summary         ;
+---------------------------------+--------+---------------+
; Clock                           ; Slack  ; End Point TNS ;
+---------------------------------+--------+---------------+
; CLOCK_50                        ; -3.000 ; -107.085      ;
; ClkDivider:clk_6s_period|clkOut ; -1.285 ; -1.285        ;
+---------------------------------+--------+---------------+


+----------------------------------------------------------------------------------------------------------------------------------------------------------------------+
; Slow 1200mV 0C Model Setup: 'CLOCK_50'                                                                                                                               ;
+--------+-------------------------------------------+-------------------------------------------+--------------+-------------+--------------+------------+------------+
; Slack  ; From Node                                 ; To Node                                   ; Launch Clock ; Latch Clock ; Relationship ; Clock Skew ; Data Delay ;
+--------+-------------------------------------------+-------------------------------------------+--------------+-------------+--------------+------------+------------+
; -4.038 ; ClkDivider:clk_6s_period|s_divCounter[11] ; ClkDivider:clk_6s_period|clkOut           ; CLOCK_50     ; CLOCK_50    ; 1.000        ; -0.070     ; 4.967      ;
; -3.994 ; ClkDivider:clk_6s_period|s_divCounter[10] ; ClkDivider:clk_6s_period|clkOut           ; CLOCK_50     ; CLOCK_50    ; 1.000        ; -0.070     ; 4.923      ;
; -3.985 ; ClkDivider:clk_6s_period|s_divCounter[1]  ; ClkDivider:clk_6s_period|clkOut           ; CLOCK_50     ; CLOCK_50    ; 1.000        ; -0.070     ; 4.914      ;
; -3.972 ; ClkDivider:clk_6s_period|s_divCounter[0]  ; ClkDivider:clk_6s_period|clkOut           ; CLOCK_50     ; CLOCK_50    ; 1.000        ; -0.070     ; 4.901      ;
; -3.961 ; ClkDivider:clk_6s_period|s_divCounter[20] ; ClkDivider:clk_6s_period|clkOut           ; CLOCK_50     ; CLOCK_50    ; 1.000        ; -0.068     ; 4.892      ;
; -3.896 ; ClkDivider:clk_6s_period|s_divCounter[24] ; ClkDivider:clk_6s_period|clkOut           ; CLOCK_50     ; CLOCK_50    ; 1.000        ; -0.068     ; 4.827      ;
; -3.888 ; ClkDivider:clk_6s_period|s_divCounter[19] ; ClkDivider:clk_6s_period|clkOut           ; CLOCK_50     ; CLOCK_50    ; 1.000        ; -0.068     ; 4.819      ;
; -3.885 ; ClkDivider:clk_6s_period|s_divCounter[2]  ; ClkDivider:clk_6s_period|clkOut           ; CLOCK_50     ; CLOCK_50    ; 1.000        ; -0.070     ; 4.814      ;
; -3.869 ; ClkDivider:clk_6s_period|s_divCounter[15] ; ClkDivider:clk_6s_period|clkOut           ; CLOCK_50     ; CLOCK_50    ; 1.000        ; -0.068     ; 4.800      ;
; -3.846 ; ClkDivider:clk_6s_period|s_divCounter[26] ; ClkDivider:clk_6s_period|clkOut           ; CLOCK_50     ; CLOCK_50    ; 1.000        ; -0.068     ; 4.777      ;
; -3.828 ; ClkDivider:clk_6s_period|s_divCounter[27] ; ClkDivider:clk_6s_period|clkOut           ; CLOCK_50     ; CLOCK_50    ; 1.000        ; -0.068     ; 4.759      ;
; -3.806 ; ClkDivider:clk_6s_period|s_divCounter[8]  ; ClkDivider:clk_6s_period|clkOut           ; CLOCK_50     ; CLOCK_50    ; 1.000        ; -0.070     ; 4.735      ;
; -3.780 ; ClkDivider:clk_6s_period|s_divCounter[16] ; ClkDivider:clk_6s_period|clkOut           ; CLOCK_50     ; CLOCK_50    ; 1.000        ; -0.068     ; 4.711      ;
; -3.739 ; ClkDivider:clk_6s_period|s_divCounter[3]  ; ClkDivider:clk_6s_period|clkOut           ; CLOCK_50     ; CLOCK_50    ; 1.000        ; -0.070     ; 4.668      ;
; -3.671 ; ClkDivider:clk_6s_period|s_divCounter[4]  ; ClkDivider:clk_6s_period|clkOut           ; CLOCK_50     ; CLOCK_50    ; 1.000        ; -0.070     ; 4.600      ;
; -3.660 ; ClkDivider:clk_6s_period|s_divCounter[6]  ; ClkDivider:clk_6s_period|clkOut           ; CLOCK_50     ; CLOCK_50    ; 1.000        ; -0.070     ; 4.589      ;
; -3.641 ; ClkDivider:clk_6s_period|s_divCounter[7]  ; ClkDivider:clk_6s_period|clkOut           ; CLOCK_50     ; CLOCK_50    ; 1.000        ; -0.070     ; 4.570      ;
; -3.636 ; ClkDivider:clk_6s_period|s_divCounter[23] ; ClkDivider:clk_6s_period|clkOut           ; CLOCK_50     ; CLOCK_50    ; 1.000        ; -0.068     ; 4.567      ;
; -3.629 ; ClkDivider:clk_6s_period|s_divCounter[21] ; ClkDivider:clk_6s_period|clkOut           ; CLOCK_50     ; CLOCK_50    ; 1.000        ; -0.068     ; 4.560      ;
; -3.615 ; ClkDivider:clk_6s_period|s_divCounter[17] ; ClkDivider:clk_6s_period|clkOut           ; CLOCK_50     ; CLOCK_50    ; 1.000        ; -0.072     ; 4.542      ;
; -3.605 ; ClkDivider:clk_6s_period|s_divCounter[22] ; ClkDivider:clk_6s_period|clkOut           ; CLOCK_50     ; CLOCK_50    ; 1.000        ; -0.068     ; 4.536      ;
; -3.577 ; ClkDivider:clk_6s_period|s_divCounter[12] ; ClkDivider:clk_6s_period|clkOut           ; CLOCK_50     ; CLOCK_50    ; 1.000        ; -0.070     ; 4.506      ;
; -3.574 ; ClkDivider:clk_6s_period|s_divCounter[28] ; ClkDivider:clk_6s_period|clkOut           ; CLOCK_50     ; CLOCK_50    ; 1.000        ; -0.068     ; 4.505      ;
; -3.572 ; ClkDivider:clk_6s_period|s_divCounter[18] ; ClkDivider:clk_6s_period|clkOut           ; CLOCK_50     ; CLOCK_50    ; 1.000        ; -0.068     ; 4.503      ;
; -3.571 ; ClkDivider:clk_6s_period|s_divCounter[5]  ; ClkDivider:clk_6s_period|clkOut           ; CLOCK_50     ; CLOCK_50    ; 1.000        ; -0.070     ; 4.500      ;
; -3.566 ; ClkDivider:clk_6s_period|s_divCounter[25] ; ClkDivider:clk_6s_period|clkOut           ; CLOCK_50     ; CLOCK_50    ; 1.000        ; -0.068     ; 4.497      ;
; -3.493 ; ClkDivider:clk_6s_period|s_divCounter[13] ; ClkDivider:clk_6s_period|clkOut           ; CLOCK_50     ; CLOCK_50    ; 1.000        ; -0.070     ; 4.422      ;
; -3.401 ; ClkDivider:clk_6s_period|s_divCounter[9]  ; ClkDivider:clk_6s_period|clkOut           ; CLOCK_50     ; CLOCK_50    ; 1.000        ; -0.070     ; 4.330      ;
; -3.350 ; Blink_Gen:u_blink_1hz|s_counter[0]        ; Blink_Gen:u_blink_1hz|s_counter[25]       ; CLOCK_50     ; CLOCK_50    ; 1.000        ; -0.468     ; 3.881      ;
; -3.350 ; Blink_Gen:u_blink_1hz|s_counter[0]        ; Blink_Gen:u_blink_1hz|s_counter[23]       ; CLOCK_50     ; CLOCK_50    ; 1.000        ; -0.468     ; 3.881      ;
; -3.350 ; Blink_Gen:u_blink_1hz|s_counter[0]        ; Blink_Gen:u_blink_1hz|s_counter[19]       ; CLOCK_50     ; CLOCK_50    ; 1.000        ; -0.468     ; 3.881      ;
; -3.350 ; Blink_Gen:u_blink_1hz|s_counter[0]        ; Blink_Gen:u_blink_1hz|s_counter[20]       ; CLOCK_50     ; CLOCK_50    ; 1.000        ; -0.468     ; 3.881      ;
; -3.350 ; Blink_Gen:u_blink_1hz|s_counter[0]        ; Blink_Gen:u_blink_1hz|s_counter[21]       ; CLOCK_50     ; CLOCK_50    ; 1.000        ; -0.468     ; 3.881      ;
; -3.350 ; Blink_Gen:u_blink_1hz|s_counter[0]        ; Blink_Gen:u_blink_1hz|s_counter[22]       ; CLOCK_50     ; CLOCK_50    ; 1.000        ; -0.468     ; 3.881      ;
; -3.350 ; Blink_Gen:u_blink_1hz|s_counter[0]        ; Blink_Gen:u_blink_1hz|s_counter[24]       ; CLOCK_50     ; CLOCK_50    ; 1.000        ; -0.468     ; 3.881      ;
; -3.253 ; ClkDivider:clk_6s_period|s_divCounter[14] ; ClkDivider:clk_6s_period|clkOut           ; CLOCK_50     ; CLOCK_50    ; 1.000        ; -0.068     ; 4.184      ;
; -3.132 ; ClkDivider:clk_6s_period|s_divCounter[11] ; ClkDivider:clk_6s_period|s_divCounter[18] ; CLOCK_50     ; CLOCK_50    ; 1.000        ; -0.073     ; 4.058      ;
; -3.132 ; ClkDivider:clk_6s_period|s_divCounter[11] ; ClkDivider:clk_6s_period|s_divCounter[14] ; CLOCK_50     ; CLOCK_50    ; 1.000        ; -0.073     ; 4.058      ;
; -3.132 ; ClkDivider:clk_6s_period|s_divCounter[11] ; ClkDivider:clk_6s_period|s_divCounter[15] ; CLOCK_50     ; CLOCK_50    ; 1.000        ; -0.073     ; 4.058      ;
; -3.132 ; ClkDivider:clk_6s_period|s_divCounter[11] ; ClkDivider:clk_6s_period|s_divCounter[16] ; CLOCK_50     ; CLOCK_50    ; 1.000        ; -0.073     ; 4.058      ;
; -3.132 ; ClkDivider:clk_6s_period|s_divCounter[11] ; ClkDivider:clk_6s_period|s_divCounter[19] ; CLOCK_50     ; CLOCK_50    ; 1.000        ; -0.073     ; 4.058      ;
; -3.132 ; ClkDivider:clk_6s_period|s_divCounter[11] ; ClkDivider:clk_6s_period|s_divCounter[25] ; CLOCK_50     ; CLOCK_50    ; 1.000        ; -0.073     ; 4.058      ;
; -3.132 ; ClkDivider:clk_6s_period|s_divCounter[11] ; ClkDivider:clk_6s_period|s_divCounter[20] ; CLOCK_50     ; CLOCK_50    ; 1.000        ; -0.073     ; 4.058      ;
; -3.132 ; ClkDivider:clk_6s_period|s_divCounter[11] ; ClkDivider:clk_6s_period|s_divCounter[21] ; CLOCK_50     ; CLOCK_50    ; 1.000        ; -0.073     ; 4.058      ;
; -3.132 ; ClkDivider:clk_6s_period|s_divCounter[11] ; ClkDivider:clk_6s_period|s_divCounter[22] ; CLOCK_50     ; CLOCK_50    ; 1.000        ; -0.073     ; 4.058      ;
; -3.132 ; ClkDivider:clk_6s_period|s_divCounter[11] ; ClkDivider:clk_6s_period|s_divCounter[23] ; CLOCK_50     ; CLOCK_50    ; 1.000        ; -0.073     ; 4.058      ;
; -3.132 ; ClkDivider:clk_6s_period|s_divCounter[11] ; ClkDivider:clk_6s_period|s_divCounter[24] ; CLOCK_50     ; CLOCK_50    ; 1.000        ; -0.073     ; 4.058      ;
; -3.132 ; ClkDivider:clk_6s_period|s_divCounter[11] ; ClkDivider:clk_6s_period|s_divCounter[27] ; CLOCK_50     ; CLOCK_50    ; 1.000        ; -0.073     ; 4.058      ;
; -3.132 ; ClkDivider:clk_6s_period|s_divCounter[11] ; ClkDivider:clk_6s_period|s_divCounter[26] ; CLOCK_50     ; CLOCK_50    ; 1.000        ; -0.073     ; 4.058      ;
; -3.132 ; ClkDivider:clk_6s_period|s_divCounter[11] ; ClkDivider:clk_6s_period|s_divCounter[28] ; CLOCK_50     ; CLOCK_50    ; 1.000        ; -0.073     ; 4.058      ;
; -3.107 ; Blink_Gen:u_blink_1hz|s_counter[0]        ; Blink_Gen:u_blink_1hz|s_counter[6]        ; CLOCK_50     ; CLOCK_50    ; 1.000        ; -0.467     ; 3.639      ;
; -3.107 ; Blink_Gen:u_blink_1hz|s_counter[0]        ; Blink_Gen:u_blink_1hz|s_counter[1]        ; CLOCK_50     ; CLOCK_50    ; 1.000        ; -0.467     ; 3.639      ;
; -3.107 ; Blink_Gen:u_blink_1hz|s_counter[0]        ; Blink_Gen:u_blink_1hz|s_counter[2]        ; CLOCK_50     ; CLOCK_50    ; 1.000        ; -0.467     ; 3.639      ;
; -3.107 ; Blink_Gen:u_blink_1hz|s_counter[0]        ; Blink_Gen:u_blink_1hz|s_counter[3]        ; CLOCK_50     ; CLOCK_50    ; 1.000        ; -0.467     ; 3.639      ;
; -3.107 ; Blink_Gen:u_blink_1hz|s_counter[0]        ; Blink_Gen:u_blink_1hz|s_counter[4]        ; CLOCK_50     ; CLOCK_50    ; 1.000        ; -0.467     ; 3.639      ;
; -3.107 ; Blink_Gen:u_blink_1hz|s_counter[0]        ; Blink_Gen:u_blink_1hz|s_counter[5]        ; CLOCK_50     ; CLOCK_50    ; 1.000        ; -0.467     ; 3.639      ;
; -3.107 ; Blink_Gen:u_blink_1hz|s_counter[0]        ; Blink_Gen:u_blink_1hz|s_counter[7]        ; CLOCK_50     ; CLOCK_50    ; 1.000        ; -0.467     ; 3.639      ;
; -3.107 ; Blink_Gen:u_blink_1hz|s_counter[0]        ; Blink_Gen:u_blink_1hz|s_counter[8]        ; CLOCK_50     ; CLOCK_50    ; 1.000        ; -0.467     ; 3.639      ;
; -3.107 ; Blink_Gen:u_blink_1hz|s_counter[0]        ; Blink_Gen:u_blink_1hz|s_counter[9]        ; CLOCK_50     ; CLOCK_50    ; 1.000        ; -0.467     ; 3.639      ;
; -3.107 ; Blink_Gen:u_blink_1hz|s_counter[0]        ; Blink_Gen:u_blink_1hz|s_counter[10]       ; CLOCK_50     ; CLOCK_50    ; 1.000        ; -0.467     ; 3.639      ;
; -3.107 ; Blink_Gen:u_blink_1hz|s_counter[0]        ; Blink_Gen:u_blink_1hz|s_counter[11]       ; CLOCK_50     ; CLOCK_50    ; 1.000        ; -0.467     ; 3.639      ;
; -3.107 ; Blink_Gen:u_blink_1hz|s_counter[0]        ; Blink_Gen:u_blink_1hz|s_counter[12]       ; CLOCK_50     ; CLOCK_50    ; 1.000        ; -0.467     ; 3.639      ;
; -3.076 ; ClkDivider:clk_6s_period|s_divCounter[10] ; ClkDivider:clk_6s_period|s_divCounter[18] ; CLOCK_50     ; CLOCK_50    ; 1.000        ; -0.073     ; 4.002      ;
; -3.076 ; ClkDivider:clk_6s_period|s_divCounter[10] ; ClkDivider:clk_6s_period|s_divCounter[14] ; CLOCK_50     ; CLOCK_50    ; 1.000        ; -0.073     ; 4.002      ;
; -3.076 ; ClkDivider:clk_6s_period|s_divCounter[10] ; ClkDivider:clk_6s_period|s_divCounter[15] ; CLOCK_50     ; CLOCK_50    ; 1.000        ; -0.073     ; 4.002      ;
; -3.076 ; ClkDivider:clk_6s_period|s_divCounter[10] ; ClkDivider:clk_6s_period|s_divCounter[16] ; CLOCK_50     ; CLOCK_50    ; 1.000        ; -0.073     ; 4.002      ;
; -3.076 ; ClkDivider:clk_6s_period|s_divCounter[10] ; ClkDivider:clk_6s_period|s_divCounter[19] ; CLOCK_50     ; CLOCK_50    ; 1.000        ; -0.073     ; 4.002      ;
; -3.076 ; ClkDivider:clk_6s_period|s_divCounter[10] ; ClkDivider:clk_6s_period|s_divCounter[25] ; CLOCK_50     ; CLOCK_50    ; 1.000        ; -0.073     ; 4.002      ;
; -3.076 ; ClkDivider:clk_6s_period|s_divCounter[10] ; ClkDivider:clk_6s_period|s_divCounter[20] ; CLOCK_50     ; CLOCK_50    ; 1.000        ; -0.073     ; 4.002      ;
; -3.076 ; ClkDivider:clk_6s_period|s_divCounter[10] ; ClkDivider:clk_6s_period|s_divCounter[21] ; CLOCK_50     ; CLOCK_50    ; 1.000        ; -0.073     ; 4.002      ;
; -3.076 ; ClkDivider:clk_6s_period|s_divCounter[10] ; ClkDivider:clk_6s_period|s_divCounter[22] ; CLOCK_50     ; CLOCK_50    ; 1.000        ; -0.073     ; 4.002      ;
; -3.076 ; ClkDivider:clk_6s_period|s_divCounter[10] ; ClkDivider:clk_6s_period|s_divCounter[23] ; CLOCK_50     ; CLOCK_50    ; 1.000        ; -0.073     ; 4.002      ;
; -3.076 ; ClkDivider:clk_6s_period|s_divCounter[10] ; ClkDivider:clk_6s_period|s_divCounter[24] ; CLOCK_50     ; CLOCK_50    ; 1.000        ; -0.073     ; 4.002      ;
; -3.076 ; ClkDivider:clk_6s_period|s_divCounter[10] ; ClkDivider:clk_6s_period|s_divCounter[27] ; CLOCK_50     ; CLOCK_50    ; 1.000        ; -0.073     ; 4.002      ;
; -3.076 ; ClkDivider:clk_6s_period|s_divCounter[10] ; ClkDivider:clk_6s_period|s_divCounter[26] ; CLOCK_50     ; CLOCK_50    ; 1.000        ; -0.073     ; 4.002      ;
; -3.076 ; ClkDivider:clk_6s_period|s_divCounter[10] ; ClkDivider:clk_6s_period|s_divCounter[28] ; CLOCK_50     ; CLOCK_50    ; 1.000        ; -0.073     ; 4.002      ;
; -2.971 ; ClkDivider:clk_6s_period|s_divCounter[27] ; ClkDivider:clk_6s_period|s_divCounter[18] ; CLOCK_50     ; CLOCK_50    ; 1.000        ; -0.071     ; 3.899      ;
; -2.971 ; ClkDivider:clk_6s_period|s_divCounter[27] ; ClkDivider:clk_6s_period|s_divCounter[14] ; CLOCK_50     ; CLOCK_50    ; 1.000        ; -0.071     ; 3.899      ;
; -2.971 ; ClkDivider:clk_6s_period|s_divCounter[27] ; ClkDivider:clk_6s_period|s_divCounter[15] ; CLOCK_50     ; CLOCK_50    ; 1.000        ; -0.071     ; 3.899      ;
; -2.971 ; ClkDivider:clk_6s_period|s_divCounter[27] ; ClkDivider:clk_6s_period|s_divCounter[16] ; CLOCK_50     ; CLOCK_50    ; 1.000        ; -0.071     ; 3.899      ;
; -2.971 ; ClkDivider:clk_6s_period|s_divCounter[27] ; ClkDivider:clk_6s_period|s_divCounter[19] ; CLOCK_50     ; CLOCK_50    ; 1.000        ; -0.071     ; 3.899      ;
; -2.971 ; ClkDivider:clk_6s_period|s_divCounter[27] ; ClkDivider:clk_6s_period|s_divCounter[25] ; CLOCK_50     ; CLOCK_50    ; 1.000        ; -0.071     ; 3.899      ;
; -2.971 ; ClkDivider:clk_6s_period|s_divCounter[27] ; ClkDivider:clk_6s_period|s_divCounter[20] ; CLOCK_50     ; CLOCK_50    ; 1.000        ; -0.071     ; 3.899      ;
; -2.971 ; ClkDivider:clk_6s_period|s_divCounter[27] ; ClkDivider:clk_6s_period|s_divCounter[21] ; CLOCK_50     ; CLOCK_50    ; 1.000        ; -0.071     ; 3.899      ;
; -2.971 ; ClkDivider:clk_6s_period|s_divCounter[27] ; ClkDivider:clk_6s_period|s_divCounter[22] ; CLOCK_50     ; CLOCK_50    ; 1.000        ; -0.071     ; 3.899      ;
; -2.971 ; ClkDivider:clk_6s_period|s_divCounter[27] ; ClkDivider:clk_6s_period|s_divCounter[23] ; CLOCK_50     ; CLOCK_50    ; 1.000        ; -0.071     ; 3.899      ;
; -2.971 ; ClkDivider:clk_6s_period|s_divCounter[27] ; ClkDivider:clk_6s_period|s_divCounter[24] ; CLOCK_50     ; CLOCK_50    ; 1.000        ; -0.071     ; 3.899      ;
; -2.971 ; ClkDivider:clk_6s_period|s_divCounter[27] ; ClkDivider:clk_6s_period|s_divCounter[27] ; CLOCK_50     ; CLOCK_50    ; 1.000        ; -0.071     ; 3.899      ;
; -2.971 ; ClkDivider:clk_6s_period|s_divCounter[27] ; ClkDivider:clk_6s_period|s_divCounter[26] ; CLOCK_50     ; CLOCK_50    ; 1.000        ; -0.071     ; 3.899      ;
; -2.971 ; ClkDivider:clk_6s_period|s_divCounter[27] ; ClkDivider:clk_6s_period|s_divCounter[28] ; CLOCK_50     ; CLOCK_50    ; 1.000        ; -0.071     ; 3.899      ;
; -2.970 ; Blink_Gen:u_blink_1hz|s_counter[0]        ; Blink_Gen:u_blink_1hz|s_counter[18]       ; CLOCK_50     ; CLOCK_50    ; 1.000        ; -0.088     ; 3.881      ;
; -2.965 ; ClkDivider:clk_6s_period|s_divCounter[20] ; ClkDivider:clk_6s_period|s_divCounter[18] ; CLOCK_50     ; CLOCK_50    ; 1.000        ; -0.071     ; 3.893      ;
; -2.965 ; ClkDivider:clk_6s_period|s_divCounter[20] ; ClkDivider:clk_6s_period|s_divCounter[14] ; CLOCK_50     ; CLOCK_50    ; 1.000        ; -0.071     ; 3.893      ;
; -2.965 ; ClkDivider:clk_6s_period|s_divCounter[20] ; ClkDivider:clk_6s_period|s_divCounter[15] ; CLOCK_50     ; CLOCK_50    ; 1.000        ; -0.071     ; 3.893      ;
; -2.965 ; ClkDivider:clk_6s_period|s_divCounter[20] ; ClkDivider:clk_6s_period|s_divCounter[16] ; CLOCK_50     ; CLOCK_50    ; 1.000        ; -0.071     ; 3.893      ;
; -2.965 ; ClkDivider:clk_6s_period|s_divCounter[20] ; ClkDivider:clk_6s_period|s_divCounter[19] ; CLOCK_50     ; CLOCK_50    ; 1.000        ; -0.071     ; 3.893      ;
; -2.965 ; ClkDivider:clk_6s_period|s_divCounter[20] ; ClkDivider:clk_6s_period|s_divCounter[25] ; CLOCK_50     ; CLOCK_50    ; 1.000        ; -0.071     ; 3.893      ;
; -2.965 ; ClkDivider:clk_6s_period|s_divCounter[20] ; ClkDivider:clk_6s_period|s_divCounter[20] ; CLOCK_50     ; CLOCK_50    ; 1.000        ; -0.071     ; 3.893      ;
; -2.965 ; ClkDivider:clk_6s_period|s_divCounter[20] ; ClkDivider:clk_6s_period|s_divCounter[21] ; CLOCK_50     ; CLOCK_50    ; 1.000        ; -0.071     ; 3.893      ;
; -2.965 ; ClkDivider:clk_6s_period|s_divCounter[20] ; ClkDivider:clk_6s_period|s_divCounter[22] ; CLOCK_50     ; CLOCK_50    ; 1.000        ; -0.071     ; 3.893      ;
+--------+-------------------------------------------+-------------------------------------------+--------------+-------------+--------------+------------+------------+


+--------------------------------------------------------------------------------------------------------------------------------------------+
; Slow 1200mV 0C Model Setup: 'ClkDivider:clk_6s_period|clkOut'                                                                              ;
+-------+-----------+-----------+---------------------------------+---------------------------------+--------------+------------+------------+
; Slack ; From Node ; To Node   ; Launch Clock                    ; Latch Clock                     ; Relationship ; Clock Skew ; Data Delay ;
+-------+-----------+-----------+---------------------------------+---------------------------------+--------------+------------+------------+
; 0.297 ; enable_6s ; enable_6s ; ClkDivider:clk_6s_period|clkOut ; ClkDivider:clk_6s_period|clkOut ; 1.000        ; -0.039     ; 0.683      ;
+-------+-----------+-----------+---------------------------------+---------------------------------+--------------+------------+------------+


+--------------------------------------------------------------------------------------------------------------------------------------------+
; Slow 1200mV 0C Model Hold: 'ClkDivider:clk_6s_period|clkOut'                                                                               ;
+-------+-----------+-----------+---------------------------------+---------------------------------+--------------+------------+------------+
; Slack ; From Node ; To Node   ; Launch Clock                    ; Latch Clock                     ; Relationship ; Clock Skew ; Data Delay ;
+-------+-----------+-----------+---------------------------------+---------------------------------+--------------+------------+------------+
; 0.387 ; enable_6s ; enable_6s ; ClkDivider:clk_6s_period|clkOut ; ClkDivider:clk_6s_period|clkOut ; 0.000        ; 0.039      ; 0.597      ;
+-------+-----------+-----------+---------------------------------+---------------------------------+--------------+------------+------------+


+---------------------------------------------------------------------------------------------------------------------------------------------------------------------+
; Slow 1200mV 0C Model Hold: 'CLOCK_50'                                                                                                                               ;
+-------+-------------------------------------------+-------------------------------------------+--------------+-------------+--------------+------------+------------+
; Slack ; From Node                                 ; To Node                                   ; Launch Clock ; Latch Clock ; Relationship ; Clock Skew ; Data Delay ;
+-------+-------------------------------------------+-------------------------------------------+--------------+-------------+--------------+------------+------------+
; 0.401 ; Blink_Gen:u_blink_1hz|s_counter[25]       ; Blink_Gen:u_blink_1hz|s_counter[25]       ; CLOCK_50     ; CLOCK_50    ; 0.000        ; 0.071      ; 0.643      ;
; 0.419 ; ClkDivider:clk_6s_period|s_divCounter[28] ; ClkDivider:clk_6s_period|s_divCounter[28] ; CLOCK_50     ; CLOCK_50    ; 0.000        ; 0.071      ; 0.661      ;
; 0.420 ; Blink_Gen:u_blink_2hz|s_counter[24]       ; Blink_Gen:u_blink_2hz|s_counter[24]       ; CLOCK_50     ; CLOCK_50    ; 0.000        ; 0.071      ; 0.662      ;
; 0.585 ; Blink_Gen:u_blink_2hz|s_counter[9]        ; Blink_Gen:u_blink_2hz|s_counter[9]        ; CLOCK_50     ; CLOCK_50    ; 0.000        ; 0.071      ; 0.827      ;
; 0.586 ; Blink_Gen:u_blink_1hz|s_counter[18]       ; Blink_Gen:u_blink_1hz|s_counter[18]       ; CLOCK_50     ; CLOCK_50    ; 0.000        ; 0.087      ; 0.844      ;
; 0.586 ; Blink_Gen:u_blink_2hz|s_counter[7]        ; Blink_Gen:u_blink_2hz|s_counter[7]        ; CLOCK_50     ; CLOCK_50    ; 0.000        ; 0.071      ; 0.828      ;
; 0.587 ; ClkDivider:clk_6s_period|s_divCounter[1]  ; ClkDivider:clk_6s_period|s_divCounter[1]  ; CLOCK_50     ; CLOCK_50    ; 0.000        ; 0.071      ; 0.829      ;
; 0.587 ; ClkDivider:clk_6s_period|s_divCounter[3]  ; ClkDivider:clk_6s_period|s_divCounter[3]  ; CLOCK_50     ; CLOCK_50    ; 0.000        ; 0.071      ; 0.829      ;
; 0.587 ; Blink_Gen:u_blink_1hz|s_counter[8]        ; Blink_Gen:u_blink_1hz|s_counter[8]        ; CLOCK_50     ; CLOCK_50    ; 0.000        ; 0.071      ; 0.829      ;
; 0.587 ; Blink_Gen:u_blink_1hz|s_counter[10]       ; Blink_Gen:u_blink_1hz|s_counter[10]       ; CLOCK_50     ; CLOCK_50    ; 0.000        ; 0.071      ; 0.829      ;
; 0.588 ; Blink_Gen:u_blink_1hz|s_counter[3]        ; Blink_Gen:u_blink_1hz|s_counter[3]        ; CLOCK_50     ; CLOCK_50    ; 0.000        ; 0.071      ; 0.830      ;
; 0.588 ; Blink_Gen:u_blink_1hz|s_counter[19]       ; Blink_Gen:u_blink_1hz|s_counter[19]       ; CLOCK_50     ; CLOCK_50    ; 0.000        ; 0.071      ; 0.830      ;
; 0.589 ; ClkDivider:clk_6s_period|s_divCounter[4]  ; ClkDivider:clk_6s_period|s_divCounter[4]  ; CLOCK_50     ; CLOCK_50    ; 0.000        ; 0.071      ; 0.831      ;
; 0.589 ; Blink_Gen:u_blink_1hz|s_counter[2]        ; Blink_Gen:u_blink_1hz|s_counter[2]        ; CLOCK_50     ; CLOCK_50    ; 0.000        ; 0.071      ; 0.831      ;
; 0.589 ; Blink_Gen:u_blink_1hz|s_counter[9]        ; Blink_Gen:u_blink_1hz|s_counter[9]        ; CLOCK_50     ; CLOCK_50    ; 0.000        ; 0.071      ; 0.831      ;
; 0.589 ; Blink_Gen:u_blink_2hz|s_counter[18]       ; Blink_Gen:u_blink_2hz|s_counter[18]       ; CLOCK_50     ; CLOCK_50    ; 0.000        ; 0.071      ; 0.831      ;
; 0.590 ; ClkDivider:clk_6s_period|s_divCounter[5]  ; ClkDivider:clk_6s_period|s_divCounter[5]  ; CLOCK_50     ; CLOCK_50    ; 0.000        ; 0.071      ; 0.832      ;
; 0.590 ; Blink_Gen:u_blink_1hz|s_counter[1]        ; Blink_Gen:u_blink_1hz|s_counter[1]        ; CLOCK_50     ; CLOCK_50    ; 0.000        ; 0.071      ; 0.832      ;
; 0.590 ; Blink_Gen:u_blink_1hz|s_counter[5]        ; Blink_Gen:u_blink_1hz|s_counter[5]        ; CLOCK_50     ; CLOCK_50    ; 0.000        ; 0.071      ; 0.832      ;
; 0.590 ; Blink_Gen:u_blink_1hz|s_counter[7]        ; Blink_Gen:u_blink_1hz|s_counter[7]        ; CLOCK_50     ; CLOCK_50    ; 0.000        ; 0.071      ; 0.832      ;
; 0.590 ; Blink_Gen:u_blink_2hz|s_counter[3]        ; Blink_Gen:u_blink_2hz|s_counter[3]        ; CLOCK_50     ; CLOCK_50    ; 0.000        ; 0.071      ; 0.832      ;
; 0.590 ; Blink_Gen:u_blink_2hz|s_counter[8]        ; Blink_Gen:u_blink_2hz|s_counter[8]        ; CLOCK_50     ; CLOCK_50    ; 0.000        ; 0.071      ; 0.832      ;
; 0.591 ; Blink_Gen:u_blink_1hz|s_counter[21]       ; Blink_Gen:u_blink_1hz|s_counter[21]       ; CLOCK_50     ; CLOCK_50    ; 0.000        ; 0.071      ; 0.833      ;
; 0.591 ; Blink_Gen:u_blink_2hz|s_counter[6]        ; Blink_Gen:u_blink_2hz|s_counter[6]        ; CLOCK_50     ; CLOCK_50    ; 0.000        ; 0.071      ; 0.833      ;
; 0.591 ; Blink_Gen:u_blink_2hz|s_counter[19]       ; Blink_Gen:u_blink_2hz|s_counter[19]       ; CLOCK_50     ; CLOCK_50    ; 0.000        ; 0.071      ; 0.833      ;
; 0.592 ; ClkDivider:clk_6s_period|s_divCounter[2]  ; ClkDivider:clk_6s_period|s_divCounter[2]  ; CLOCK_50     ; CLOCK_50    ; 0.000        ; 0.071      ; 0.834      ;
; 0.592 ; ClkDivider:clk_6s_period|s_divCounter[6]  ; ClkDivider:clk_6s_period|s_divCounter[6]  ; CLOCK_50     ; CLOCK_50    ; 0.000        ; 0.071      ; 0.834      ;
; 0.592 ; Blink_Gen:u_blink_1hz|s_counter[4]        ; Blink_Gen:u_blink_1hz|s_counter[4]        ; CLOCK_50     ; CLOCK_50    ; 0.000        ; 0.071      ; 0.834      ;
; 0.593 ; Blink_Gen:u_blink_1hz|s_counter[20]       ; Blink_Gen:u_blink_1hz|s_counter[20]       ; CLOCK_50     ; CLOCK_50    ; 0.000        ; 0.071      ; 0.835      ;
; 0.593 ; Blink_Gen:u_blink_1hz|s_counter[22]       ; Blink_Gen:u_blink_1hz|s_counter[22]       ; CLOCK_50     ; CLOCK_50    ; 0.000        ; 0.071      ; 0.835      ;
; 0.598 ; Blink_Gen:u_blink_2hz|s_counter[11]       ; Blink_Gen:u_blink_2hz|s_counter[11]       ; CLOCK_50     ; CLOCK_50    ; 0.000        ; 0.071      ; 0.840      ;
; 0.599 ; ClkDivider:clk_6s_period|s_divCounter[13] ; ClkDivider:clk_6s_period|s_divCounter[13] ; CLOCK_50     ; CLOCK_50    ; 0.000        ; 0.071      ; 0.841      ;
; 0.599 ; Blink_Gen:u_blink_2hz|s_counter[1]        ; Blink_Gen:u_blink_2hz|s_counter[1]        ; CLOCK_50     ; CLOCK_50    ; 0.000        ; 0.071      ; 0.841      ;
; 0.600 ; ClkDivider:clk_6s_period|s_divCounter[9]  ; ClkDivider:clk_6s_period|s_divCounter[9]  ; CLOCK_50     ; CLOCK_50    ; 0.000        ; 0.071      ; 0.842      ;
; 0.600 ; ClkDivider:clk_6s_period|s_divCounter[19] ; ClkDivider:clk_6s_period|s_divCounter[19] ; CLOCK_50     ; CLOCK_50    ; 0.000        ; 0.071      ; 0.842      ;
; 0.600 ; Blink_Gen:u_blink_1hz|s_counter[12]       ; Blink_Gen:u_blink_1hz|s_counter[12]       ; CLOCK_50     ; CLOCK_50    ; 0.000        ; 0.071      ; 0.842      ;
; 0.601 ; ClkDivider:clk_6s_period|s_divCounter[25] ; ClkDivider:clk_6s_period|s_divCounter[25] ; CLOCK_50     ; CLOCK_50    ; 0.000        ; 0.071      ; 0.843      ;
; 0.601 ; ClkDivider:clk_6s_period|s_divCounter[27] ; ClkDivider:clk_6s_period|s_divCounter[27] ; CLOCK_50     ; CLOCK_50    ; 0.000        ; 0.071      ; 0.843      ;
; 0.601 ; Blink_Gen:u_blink_2hz|s_counter[2]        ; Blink_Gen:u_blink_2hz|s_counter[2]        ; CLOCK_50     ; CLOCK_50    ; 0.000        ; 0.071      ; 0.843      ;
; 0.601 ; Blink_Gen:u_blink_2hz|s_counter[23]       ; Blink_Gen:u_blink_2hz|s_counter[23]       ; CLOCK_50     ; CLOCK_50    ; 0.000        ; 0.071      ; 0.843      ;
; 0.602 ; Blink_Gen:u_blink_1hz|s_counter[11]       ; Blink_Gen:u_blink_1hz|s_counter[11]       ; CLOCK_50     ; CLOCK_50    ; 0.000        ; 0.071      ; 0.844      ;
; 0.602 ; Blink_Gen:u_blink_1hz|s_counter[24]       ; Blink_Gen:u_blink_1hz|s_counter[24]       ; CLOCK_50     ; CLOCK_50    ; 0.000        ; 0.071      ; 0.844      ;
; 0.603 ; ClkDivider:clk_6s_period|s_divCounter[7]  ; ClkDivider:clk_6s_period|s_divCounter[7]  ; CLOCK_50     ; CLOCK_50    ; 0.000        ; 0.071      ; 0.845      ;
; 0.603 ; Blink_Gen:u_blink_1hz|s_counter[0]        ; Blink_Gen:u_blink_1hz|s_counter[0]        ; CLOCK_50     ; CLOCK_50    ; 0.000        ; 0.087      ; 0.861      ;
; 0.603 ; Blink_Gen:u_blink_2hz|s_counter[5]        ; Blink_Gen:u_blink_2hz|s_counter[5]        ; CLOCK_50     ; CLOCK_50    ; 0.000        ; 0.071      ; 0.845      ;
; 0.604 ; ClkDivider:clk_6s_period|s_divCounter[12] ; ClkDivider:clk_6s_period|s_divCounter[12] ; CLOCK_50     ; CLOCK_50    ; 0.000        ; 0.071      ; 0.846      ;
; 0.604 ; ClkDivider:clk_6s_period|s_divCounter[14] ; ClkDivider:clk_6s_period|s_divCounter[14] ; CLOCK_50     ; CLOCK_50    ; 0.000        ; 0.071      ; 0.846      ;
; 0.604 ; ClkDivider:clk_6s_period|s_divCounter[21] ; ClkDivider:clk_6s_period|s_divCounter[21] ; CLOCK_50     ; CLOCK_50    ; 0.000        ; 0.071      ; 0.846      ;
; 0.604 ; ClkDivider:clk_6s_period|s_divCounter[23] ; ClkDivider:clk_6s_period|s_divCounter[23] ; CLOCK_50     ; CLOCK_50    ; 0.000        ; 0.071      ; 0.846      ;
; 0.604 ; Blink_Gen:u_blink_2hz|s_counter[10]       ; Blink_Gen:u_blink_2hz|s_counter[10]       ; CLOCK_50     ; CLOCK_50    ; 0.000        ; 0.071      ; 0.846      ;
; 0.605 ; ClkDivider:clk_6s_period|s_divCounter[8]  ; ClkDivider:clk_6s_period|s_divCounter[8]  ; CLOCK_50     ; CLOCK_50    ; 0.000        ; 0.071      ; 0.847      ;
; 0.605 ; ClkDivider:clk_6s_period|s_divCounter[10] ; ClkDivider:clk_6s_period|s_divCounter[10] ; CLOCK_50     ; CLOCK_50    ; 0.000        ; 0.071      ; 0.847      ;
; 0.605 ; Blink_Gen:u_blink_1hz|s_counter[23]       ; Blink_Gen:u_blink_1hz|s_counter[23]       ; CLOCK_50     ; CLOCK_50    ; 0.000        ; 0.071      ; 0.847      ;
; 0.605 ; Blink_Gen:u_blink_2hz|s_counter[4]        ; Blink_Gen:u_blink_2hz|s_counter[4]        ; CLOCK_50     ; CLOCK_50    ; 0.000        ; 0.071      ; 0.847      ;
; 0.606 ; ClkDivider:clk_6s_period|s_divCounter[18] ; ClkDivider:clk_6s_period|s_divCounter[18] ; CLOCK_50     ; CLOCK_50    ; 0.000        ; 0.071      ; 0.848      ;
; 0.606 ; ClkDivider:clk_6s_period|s_divCounter[22] ; ClkDivider:clk_6s_period|s_divCounter[22] ; CLOCK_50     ; CLOCK_50    ; 0.000        ; 0.071      ; 0.848      ;
; 0.606 ; ClkDivider:clk_6s_period|s_divCounter[24] ; ClkDivider:clk_6s_period|s_divCounter[24] ; CLOCK_50     ; CLOCK_50    ; 0.000        ; 0.071      ; 0.848      ;
; 0.607 ; Blink_Gen:u_blink_2hz|s_counter[22]       ; Blink_Gen:u_blink_2hz|s_counter[22]       ; CLOCK_50     ; CLOCK_50    ; 0.000        ; 0.071      ; 0.849      ;
; 0.608 ; ClkDivider:clk_6s_period|s_divCounter[15] ; ClkDivider:clk_6s_period|s_divCounter[15] ; CLOCK_50     ; CLOCK_50    ; 0.000        ; 0.071      ; 0.850      ;
; 0.610 ; Blink_Gen:u_blink_2hz|s_counter[0]        ; Blink_Gen:u_blink_2hz|s_counter[0]        ; CLOCK_50     ; CLOCK_50    ; 0.000        ; 0.087      ; 0.868      ;
; 0.612 ; ClkDivider:clk_6s_period|s_divCounter[0]  ; ClkDivider:clk_6s_period|s_divCounter[0]  ; CLOCK_50     ; CLOCK_50    ; 0.000        ; 0.071      ; 0.854      ;
; 0.612 ; Blink_Gen:u_blink_1hz|s_counter[6]        ; Blink_Gen:u_blink_1hz|s_counter[6]        ; CLOCK_50     ; CLOCK_50    ; 0.000        ; 0.071      ; 0.854      ;
; 0.618 ; ClkDivider:clk_6s_period|s_divCounter[11] ; ClkDivider:clk_6s_period|s_divCounter[11] ; CLOCK_50     ; CLOCK_50    ; 0.000        ; 0.071      ; 0.860      ;
; 0.625 ; ClkDivider:clk_6s_period|s_divCounter[26] ; ClkDivider:clk_6s_period|s_divCounter[26] ; CLOCK_50     ; CLOCK_50    ; 0.000        ; 0.071      ; 0.867      ;
; 0.724 ; Blink_Gen:u_blink_1hz|s_counter[12]       ; Blink_Gen:u_blink_1hz|s_counter[18]       ; CLOCK_50     ; CLOCK_50    ; 0.000        ; 0.466      ; 1.361      ;
; 0.764 ; ClkDivider:clk_6s_period|s_divCounter[16] ; ClkDivider:clk_6s_period|s_divCounter[16] ; CLOCK_50     ; CLOCK_50    ; 0.000        ; 0.071      ; 1.006      ;
; 0.764 ; Blink_Gen:u_blink_2hz|s_counter[20]       ; Blink_Gen:u_blink_2hz|s_counter[20]       ; CLOCK_50     ; CLOCK_50    ; 0.000        ; 0.071      ; 1.006      ;
; 0.764 ; Blink_Gen:u_blink_2hz|s_counter[21]       ; Blink_Gen:u_blink_2hz|s_counter[21]       ; CLOCK_50     ; CLOCK_50    ; 0.000        ; 0.071      ; 1.006      ;
; 0.776 ; ClkDivider:clk_6s_period|s_divCounter[20] ; ClkDivider:clk_6s_period|s_divCounter[20] ; CLOCK_50     ; CLOCK_50    ; 0.000        ; 0.071      ; 1.018      ;
; 0.821 ; Blink_Gen:u_blink_1hz|s_counter[10]       ; Blink_Gen:u_blink_1hz|s_counter[18]       ; CLOCK_50     ; CLOCK_50    ; 0.000        ; 0.466      ; 1.458      ;
; 0.824 ; Blink_Gen:u_blink_1hz|s_counter[11]       ; Blink_Gen:u_blink_1hz|s_counter[18]       ; CLOCK_50     ; CLOCK_50    ; 0.000        ; 0.466      ; 1.461      ;
; 0.871 ; Blink_Gen:u_blink_2hz|s_counter[9]        ; Blink_Gen:u_blink_2hz|s_counter[10]       ; CLOCK_50     ; CLOCK_50    ; 0.000        ; 0.071      ; 1.113      ;
; 0.872 ; Blink_Gen:u_blink_2hz|s_counter[7]        ; Blink_Gen:u_blink_2hz|s_counter[8]        ; CLOCK_50     ; CLOCK_50    ; 0.000        ; 0.071      ; 1.114      ;
; 0.873 ; ClkDivider:clk_6s_period|s_divCounter[3]  ; ClkDivider:clk_6s_period|s_divCounter[4]  ; CLOCK_50     ; CLOCK_50    ; 0.000        ; 0.071      ; 1.115      ;
; 0.873 ; ClkDivider:clk_6s_period|s_divCounter[1]  ; ClkDivider:clk_6s_period|s_divCounter[2]  ; CLOCK_50     ; CLOCK_50    ; 0.000        ; 0.071      ; 1.115      ;
; 0.874 ; Blink_Gen:u_blink_1hz|s_counter[3]        ; Blink_Gen:u_blink_1hz|s_counter[4]        ; CLOCK_50     ; CLOCK_50    ; 0.000        ; 0.071      ; 1.116      ;
; 0.874 ; Blink_Gen:u_blink_1hz|s_counter[19]       ; Blink_Gen:u_blink_1hz|s_counter[20]       ; CLOCK_50     ; CLOCK_50    ; 0.000        ; 0.071      ; 1.116      ;
; 0.875 ; Blink_Gen:u_blink_1hz|s_counter[8]        ; Blink_Gen:u_blink_1hz|s_counter[9]        ; CLOCK_50     ; CLOCK_50    ; 0.000        ; 0.071      ; 1.117      ;
; 0.875 ; Blink_Gen:u_blink_1hz|s_counter[10]       ; Blink_Gen:u_blink_1hz|s_counter[11]       ; CLOCK_50     ; CLOCK_50    ; 0.000        ; 0.071      ; 1.117      ;
; 0.876 ; Blink_Gen:u_blink_1hz|s_counter[9]        ; Blink_Gen:u_blink_1hz|s_counter[10]       ; CLOCK_50     ; CLOCK_50    ; 0.000        ; 0.071      ; 1.118      ;
; 0.877 ; Blink_Gen:u_blink_1hz|s_counter[7]        ; Blink_Gen:u_blink_1hz|s_counter[8]        ; CLOCK_50     ; CLOCK_50    ; 0.000        ; 0.071      ; 1.119      ;
; 0.877 ; Blink_Gen:u_blink_1hz|s_counter[1]        ; Blink_Gen:u_blink_1hz|s_counter[2]        ; CLOCK_50     ; CLOCK_50    ; 0.000        ; 0.071      ; 1.119      ;
; 0.877 ; ClkDivider:clk_6s_period|s_divCounter[5]  ; ClkDivider:clk_6s_period|s_divCounter[6]  ; CLOCK_50     ; CLOCK_50    ; 0.000        ; 0.071      ; 1.119      ;
; 0.877 ; Blink_Gen:u_blink_2hz|s_counter[3]        ; Blink_Gen:u_blink_2hz|s_counter[4]        ; CLOCK_50     ; CLOCK_50    ; 0.000        ; 0.071      ; 1.119      ;
; 0.877 ; Blink_Gen:u_blink_1hz|s_counter[2]        ; Blink_Gen:u_blink_1hz|s_counter[3]        ; CLOCK_50     ; CLOCK_50    ; 0.000        ; 0.071      ; 1.119      ;
; 0.877 ; Blink_Gen:u_blink_1hz|s_counter[5]        ; Blink_Gen:u_blink_1hz|s_counter[6]        ; CLOCK_50     ; CLOCK_50    ; 0.000        ; 0.071      ; 1.119      ;
; 0.877 ; ClkDivider:clk_6s_period|s_divCounter[4]  ; ClkDivider:clk_6s_period|s_divCounter[5]  ; CLOCK_50     ; CLOCK_50    ; 0.000        ; 0.071      ; 1.119      ;
; 0.877 ; Blink_Gen:u_blink_2hz|s_counter[18]       ; Blink_Gen:u_blink_2hz|s_counter[19]       ; CLOCK_50     ; CLOCK_50    ; 0.000        ; 0.071      ; 1.119      ;
; 0.878 ; Blink_Gen:u_blink_1hz|s_counter[21]       ; Blink_Gen:u_blink_1hz|s_counter[22]       ; CLOCK_50     ; CLOCK_50    ; 0.000        ; 0.071      ; 1.120      ;
; 0.878 ; Blink_Gen:u_blink_2hz|s_counter[8]        ; Blink_Gen:u_blink_2hz|s_counter[9]        ; CLOCK_50     ; CLOCK_50    ; 0.000        ; 0.071      ; 1.120      ;
; 0.878 ; Blink_Gen:u_blink_2hz|s_counter[19]       ; Blink_Gen:u_blink_2hz|s_counter[20]       ; CLOCK_50     ; CLOCK_50    ; 0.000        ; 0.071      ; 1.120      ;
; 0.879 ; Blink_Gen:u_blink_2hz|s_counter[6]        ; Blink_Gen:u_blink_2hz|s_counter[7]        ; CLOCK_50     ; CLOCK_50    ; 0.000        ; 0.071      ; 1.121      ;
; 0.879 ; ClkDivider:clk_6s_period|s_divCounter[0]  ; ClkDivider:clk_6s_period|s_divCounter[1]  ; CLOCK_50     ; CLOCK_50    ; 0.000        ; 0.071      ; 1.121      ;
; 0.880 ; ClkDivider:clk_6s_period|s_divCounter[2]  ; ClkDivider:clk_6s_period|s_divCounter[3]  ; CLOCK_50     ; CLOCK_50    ; 0.000        ; 0.071      ; 1.122      ;
; 0.880 ; Blink_Gen:u_blink_1hz|s_counter[4]        ; Blink_Gen:u_blink_1hz|s_counter[5]        ; CLOCK_50     ; CLOCK_50    ; 0.000        ; 0.071      ; 1.122      ;
; 0.880 ; ClkDivider:clk_6s_period|s_divCounter[6]  ; ClkDivider:clk_6s_period|s_divCounter[7]  ; CLOCK_50     ; CLOCK_50    ; 0.000        ; 0.071      ; 1.122      ;
; 0.881 ; Blink_Gen:u_blink_1hz|s_counter[20]       ; Blink_Gen:u_blink_1hz|s_counter[21]       ; CLOCK_50     ; CLOCK_50    ; 0.000        ; 0.071      ; 1.123      ;
; 0.881 ; Blink_Gen:u_blink_1hz|s_counter[22]       ; Blink_Gen:u_blink_1hz|s_counter[23]       ; CLOCK_50     ; CLOCK_50    ; 0.000        ; 0.071      ; 1.123      ;
; 0.885 ; Blink_Gen:u_blink_2hz|s_counter[1]        ; Blink_Gen:u_blink_2hz|s_counter[2]        ; CLOCK_50     ; CLOCK_50    ; 0.000        ; 0.071      ; 1.127      ;
; 0.886 ; Blink_Gen:u_blink_1hz|s_counter[10]       ; Blink_Gen:u_blink_1hz|s_counter[12]       ; CLOCK_50     ; CLOCK_50    ; 0.000        ; 0.071      ; 1.128      ;
+-------+-------------------------------------------+-------------------------------------------+--------------+-------------+--------------+------------+------------+


----------------------------------------------
; Slow 1200mV 0C Model Metastability Summary ;
----------------------------------------------
No synchronizer chains to report.


+----------------------------------------------------------+
; Fast 1200mV 0C Model Setup Summary                       ;
+---------------------------------+--------+---------------+
; Clock                           ; Slack  ; End Point TNS ;
+---------------------------------+--------+---------------+
; CLOCK_50                        ; -1.736 ; -82.713       ;
; ClkDivider:clk_6s_period|clkOut ; 0.626  ; 0.000         ;
+---------------------------------+--------+---------------+


+---------------------------------------------------------+
; Fast 1200mV 0C Model Hold Summary                       ;
+---------------------------------+-------+---------------+
; Clock                           ; Slack ; End Point TNS ;
+---------------------------------+-------+---------------+
; CLOCK_50                        ; 0.200 ; 0.000         ;
; ClkDivider:clk_6s_period|clkOut ; 0.201 ; 0.000         ;
+---------------------------------+-------+---------------+


-----------------------------------------
; Fast 1200mV 0C Model Recovery Summary ;
-----------------------------------------
No paths to report.


----------------------------------------
; Fast 1200mV 0C Model Removal Summary ;
----------------------------------------
No paths to report.


+----------------------------------------------------------+
; Fast 1200mV 0C Model Minimum Pulse Width Summary         ;
+---------------------------------+--------+---------------+
; Clock                           ; Slack  ; End Point TNS ;
+---------------------------------+--------+---------------+
; CLOCK_50                        ; -3.000 ; -89.151       ;
; ClkDivider:clk_6s_period|clkOut ; -1.000 ; -1.000        ;
+---------------------------------+--------+---------------+


+----------------------------------------------------------------------------------------------------------------------------------------------------------------------+
; Fast 1200mV 0C Model Setup: 'CLOCK_50'                                                                                                                               ;
+--------+-------------------------------------------+-------------------------------------------+--------------+-------------+--------------+------------+------------+
; Slack  ; From Node                                 ; To Node                                   ; Launch Clock ; Latch Clock ; Relationship ; Clock Skew ; Data Delay ;
+--------+-------------------------------------------+-------------------------------------------+--------------+-------------+--------------+------------+------------+
; -1.736 ; ClkDivider:clk_6s_period|s_divCounter[11] ; ClkDivider:clk_6s_period|clkOut           ; CLOCK_50     ; CLOCK_50    ; 1.000        ; -0.040     ; 2.683      ;
; -1.725 ; ClkDivider:clk_6s_period|s_divCounter[1]  ; ClkDivider:clk_6s_period|clkOut           ; CLOCK_50     ; CLOCK_50    ; 1.000        ; -0.040     ; 2.672      ;
; -1.722 ; ClkDivider:clk_6s_period|s_divCounter[8]  ; ClkDivider:clk_6s_period|clkOut           ; CLOCK_50     ; CLOCK_50    ; 1.000        ; -0.040     ; 2.669      ;
; -1.721 ; ClkDivider:clk_6s_period|s_divCounter[0]  ; ClkDivider:clk_6s_period|clkOut           ; CLOCK_50     ; CLOCK_50    ; 1.000        ; -0.040     ; 2.668      ;
; -1.711 ; ClkDivider:clk_6s_period|s_divCounter[20] ; ClkDivider:clk_6s_period|clkOut           ; CLOCK_50     ; CLOCK_50    ; 1.000        ; -0.037     ; 2.661      ;
; -1.707 ; ClkDivider:clk_6s_period|s_divCounter[10] ; ClkDivider:clk_6s_period|clkOut           ; CLOCK_50     ; CLOCK_50    ; 1.000        ; -0.040     ; 2.654      ;
; -1.694 ; ClkDivider:clk_6s_period|s_divCounter[19] ; ClkDivider:clk_6s_period|clkOut           ; CLOCK_50     ; CLOCK_50    ; 1.000        ; -0.037     ; 2.644      ;
; -1.670 ; ClkDivider:clk_6s_period|s_divCounter[15] ; ClkDivider:clk_6s_period|clkOut           ; CLOCK_50     ; CLOCK_50    ; 1.000        ; -0.037     ; 2.620      ;
; -1.660 ; ClkDivider:clk_6s_period|s_divCounter[2]  ; ClkDivider:clk_6s_period|clkOut           ; CLOCK_50     ; CLOCK_50    ; 1.000        ; -0.040     ; 2.607      ;
; -1.639 ; ClkDivider:clk_6s_period|s_divCounter[26] ; ClkDivider:clk_6s_period|clkOut           ; CLOCK_50     ; CLOCK_50    ; 1.000        ; -0.037     ; 2.589      ;
; -1.633 ; ClkDivider:clk_6s_period|s_divCounter[24] ; ClkDivider:clk_6s_period|clkOut           ; CLOCK_50     ; CLOCK_50    ; 1.000        ; -0.037     ; 2.583      ;
; -1.630 ; ClkDivider:clk_6s_period|s_divCounter[27] ; ClkDivider:clk_6s_period|clkOut           ; CLOCK_50     ; CLOCK_50    ; 1.000        ; -0.037     ; 2.580      ;
; -1.618 ; ClkDivider:clk_6s_period|s_divCounter[22] ; ClkDivider:clk_6s_period|clkOut           ; CLOCK_50     ; CLOCK_50    ; 1.000        ; -0.037     ; 2.568      ;
; -1.618 ; ClkDivider:clk_6s_period|s_divCounter[23] ; ClkDivider:clk_6s_period|clkOut           ; CLOCK_50     ; CLOCK_50    ; 1.000        ; -0.037     ; 2.568      ;
; -1.616 ; ClkDivider:clk_6s_period|s_divCounter[16] ; ClkDivider:clk_6s_period|clkOut           ; CLOCK_50     ; CLOCK_50    ; 1.000        ; -0.037     ; 2.566      ;
; -1.588 ; ClkDivider:clk_6s_period|s_divCounter[3]  ; ClkDivider:clk_6s_period|clkOut           ; CLOCK_50     ; CLOCK_50    ; 1.000        ; -0.040     ; 2.535      ;
; -1.556 ; ClkDivider:clk_6s_period|s_divCounter[4]  ; ClkDivider:clk_6s_period|clkOut           ; CLOCK_50     ; CLOCK_50    ; 1.000        ; -0.040     ; 2.503      ;
; -1.554 ; ClkDivider:clk_6s_period|s_divCounter[6]  ; ClkDivider:clk_6s_period|clkOut           ; CLOCK_50     ; CLOCK_50    ; 1.000        ; -0.040     ; 2.501      ;
; -1.547 ; ClkDivider:clk_6s_period|s_divCounter[21] ; ClkDivider:clk_6s_period|clkOut           ; CLOCK_50     ; CLOCK_50    ; 1.000        ; -0.037     ; 2.497      ;
; -1.534 ; ClkDivider:clk_6s_period|s_divCounter[17] ; ClkDivider:clk_6s_period|clkOut           ; CLOCK_50     ; CLOCK_50    ; 1.000        ; -0.041     ; 2.480      ;
; -1.528 ; ClkDivider:clk_6s_period|s_divCounter[7]  ; ClkDivider:clk_6s_period|clkOut           ; CLOCK_50     ; CLOCK_50    ; 1.000        ; -0.040     ; 2.475      ;
; -1.516 ; ClkDivider:clk_6s_period|s_divCounter[18] ; ClkDivider:clk_6s_period|clkOut           ; CLOCK_50     ; CLOCK_50    ; 1.000        ; -0.037     ; 2.466      ;
; -1.491 ; ClkDivider:clk_6s_period|s_divCounter[5]  ; ClkDivider:clk_6s_period|clkOut           ; CLOCK_50     ; CLOCK_50    ; 1.000        ; -0.040     ; 2.438      ;
; -1.487 ; ClkDivider:clk_6s_period|s_divCounter[25] ; ClkDivider:clk_6s_period|clkOut           ; CLOCK_50     ; CLOCK_50    ; 1.000        ; -0.037     ; 2.437      ;
; -1.485 ; ClkDivider:clk_6s_period|s_divCounter[28] ; ClkDivider:clk_6s_period|clkOut           ; CLOCK_50     ; CLOCK_50    ; 1.000        ; -0.037     ; 2.435      ;
; -1.476 ; ClkDivider:clk_6s_period|s_divCounter[12] ; ClkDivider:clk_6s_period|clkOut           ; CLOCK_50     ; CLOCK_50    ; 1.000        ; -0.040     ; 2.423      ;
; -1.475 ; ClkDivider:clk_6s_period|s_divCounter[13] ; ClkDivider:clk_6s_period|clkOut           ; CLOCK_50     ; CLOCK_50    ; 1.000        ; -0.040     ; 2.422      ;
; -1.416 ; ClkDivider:clk_6s_period|s_divCounter[9]  ; ClkDivider:clk_6s_period|clkOut           ; CLOCK_50     ; CLOCK_50    ; 1.000        ; -0.040     ; 2.363      ;
; -1.403 ; ClkDivider:clk_6s_period|s_divCounter[14] ; ClkDivider:clk_6s_period|clkOut           ; CLOCK_50     ; CLOCK_50    ; 1.000        ; -0.037     ; 2.353      ;
; -1.231 ; Blink_Gen:u_blink_1hz|s_counter[0]        ; Blink_Gen:u_blink_1hz|s_counter[25]       ; CLOCK_50     ; CLOCK_50    ; 1.000        ; -0.244     ; 1.974      ;
; -1.231 ; Blink_Gen:u_blink_1hz|s_counter[0]        ; Blink_Gen:u_blink_1hz|s_counter[23]       ; CLOCK_50     ; CLOCK_50    ; 1.000        ; -0.244     ; 1.974      ;
; -1.231 ; Blink_Gen:u_blink_1hz|s_counter[0]        ; Blink_Gen:u_blink_1hz|s_counter[19]       ; CLOCK_50     ; CLOCK_50    ; 1.000        ; -0.244     ; 1.974      ;
; -1.231 ; Blink_Gen:u_blink_1hz|s_counter[0]        ; Blink_Gen:u_blink_1hz|s_counter[20]       ; CLOCK_50     ; CLOCK_50    ; 1.000        ; -0.244     ; 1.974      ;
; -1.231 ; Blink_Gen:u_blink_1hz|s_counter[0]        ; Blink_Gen:u_blink_1hz|s_counter[21]       ; CLOCK_50     ; CLOCK_50    ; 1.000        ; -0.244     ; 1.974      ;
; -1.231 ; Blink_Gen:u_blink_1hz|s_counter[0]        ; Blink_Gen:u_blink_1hz|s_counter[22]       ; CLOCK_50     ; CLOCK_50    ; 1.000        ; -0.244     ; 1.974      ;
; -1.231 ; Blink_Gen:u_blink_1hz|s_counter[0]        ; Blink_Gen:u_blink_1hz|s_counter[24]       ; CLOCK_50     ; CLOCK_50    ; 1.000        ; -0.244     ; 1.974      ;
; -1.096 ; ClkDivider:clk_6s_period|s_divCounter[11] ; ClkDivider:clk_6s_period|s_divCounter[18] ; CLOCK_50     ; CLOCK_50    ; 1.000        ; -0.044     ; 2.039      ;
; -1.096 ; ClkDivider:clk_6s_period|s_divCounter[11] ; ClkDivider:clk_6s_period|s_divCounter[14] ; CLOCK_50     ; CLOCK_50    ; 1.000        ; -0.044     ; 2.039      ;
; -1.096 ; ClkDivider:clk_6s_period|s_divCounter[11] ; ClkDivider:clk_6s_period|s_divCounter[15] ; CLOCK_50     ; CLOCK_50    ; 1.000        ; -0.044     ; 2.039      ;
; -1.096 ; ClkDivider:clk_6s_period|s_divCounter[11] ; ClkDivider:clk_6s_period|s_divCounter[16] ; CLOCK_50     ; CLOCK_50    ; 1.000        ; -0.044     ; 2.039      ;
; -1.096 ; ClkDivider:clk_6s_period|s_divCounter[11] ; ClkDivider:clk_6s_period|s_divCounter[19] ; CLOCK_50     ; CLOCK_50    ; 1.000        ; -0.044     ; 2.039      ;
; -1.096 ; ClkDivider:clk_6s_period|s_divCounter[11] ; ClkDivider:clk_6s_period|s_divCounter[25] ; CLOCK_50     ; CLOCK_50    ; 1.000        ; -0.044     ; 2.039      ;
; -1.096 ; ClkDivider:clk_6s_period|s_divCounter[11] ; ClkDivider:clk_6s_period|s_divCounter[20] ; CLOCK_50     ; CLOCK_50    ; 1.000        ; -0.044     ; 2.039      ;
; -1.096 ; ClkDivider:clk_6s_period|s_divCounter[11] ; ClkDivider:clk_6s_period|s_divCounter[21] ; CLOCK_50     ; CLOCK_50    ; 1.000        ; -0.044     ; 2.039      ;
; -1.096 ; ClkDivider:clk_6s_period|s_divCounter[11] ; ClkDivider:clk_6s_period|s_divCounter[22] ; CLOCK_50     ; CLOCK_50    ; 1.000        ; -0.044     ; 2.039      ;
; -1.096 ; ClkDivider:clk_6s_period|s_divCounter[11] ; ClkDivider:clk_6s_period|s_divCounter[23] ; CLOCK_50     ; CLOCK_50    ; 1.000        ; -0.044     ; 2.039      ;
; -1.096 ; ClkDivider:clk_6s_period|s_divCounter[11] ; ClkDivider:clk_6s_period|s_divCounter[24] ; CLOCK_50     ; CLOCK_50    ; 1.000        ; -0.044     ; 2.039      ;
; -1.096 ; ClkDivider:clk_6s_period|s_divCounter[11] ; ClkDivider:clk_6s_period|s_divCounter[27] ; CLOCK_50     ; CLOCK_50    ; 1.000        ; -0.044     ; 2.039      ;
; -1.096 ; ClkDivider:clk_6s_period|s_divCounter[11] ; ClkDivider:clk_6s_period|s_divCounter[26] ; CLOCK_50     ; CLOCK_50    ; 1.000        ; -0.044     ; 2.039      ;
; -1.096 ; ClkDivider:clk_6s_period|s_divCounter[11] ; ClkDivider:clk_6s_period|s_divCounter[28] ; CLOCK_50     ; CLOCK_50    ; 1.000        ; -0.044     ; 2.039      ;
; -1.092 ; Blink_Gen:u_blink_1hz|s_counter[0]        ; Blink_Gen:u_blink_1hz|s_counter[6]        ; CLOCK_50     ; CLOCK_50    ; 1.000        ; -0.243     ; 1.836      ;
; -1.092 ; Blink_Gen:u_blink_1hz|s_counter[0]        ; Blink_Gen:u_blink_1hz|s_counter[1]        ; CLOCK_50     ; CLOCK_50    ; 1.000        ; -0.243     ; 1.836      ;
; -1.092 ; Blink_Gen:u_blink_1hz|s_counter[0]        ; Blink_Gen:u_blink_1hz|s_counter[2]        ; CLOCK_50     ; CLOCK_50    ; 1.000        ; -0.243     ; 1.836      ;
; -1.092 ; Blink_Gen:u_blink_1hz|s_counter[0]        ; Blink_Gen:u_blink_1hz|s_counter[3]        ; CLOCK_50     ; CLOCK_50    ; 1.000        ; -0.243     ; 1.836      ;
; -1.092 ; Blink_Gen:u_blink_1hz|s_counter[0]        ; Blink_Gen:u_blink_1hz|s_counter[4]        ; CLOCK_50     ; CLOCK_50    ; 1.000        ; -0.243     ; 1.836      ;
; -1.092 ; Blink_Gen:u_blink_1hz|s_counter[0]        ; Blink_Gen:u_blink_1hz|s_counter[5]        ; CLOCK_50     ; CLOCK_50    ; 1.000        ; -0.243     ; 1.836      ;
; -1.092 ; Blink_Gen:u_blink_1hz|s_counter[0]        ; Blink_Gen:u_blink_1hz|s_counter[7]        ; CLOCK_50     ; CLOCK_50    ; 1.000        ; -0.243     ; 1.836      ;
; -1.092 ; Blink_Gen:u_blink_1hz|s_counter[0]        ; Blink_Gen:u_blink_1hz|s_counter[8]        ; CLOCK_50     ; CLOCK_50    ; 1.000        ; -0.243     ; 1.836      ;
; -1.092 ; Blink_Gen:u_blink_1hz|s_counter[0]        ; Blink_Gen:u_blink_1hz|s_counter[9]        ; CLOCK_50     ; CLOCK_50    ; 1.000        ; -0.243     ; 1.836      ;
; -1.092 ; Blink_Gen:u_blink_1hz|s_counter[0]        ; Blink_Gen:u_blink_1hz|s_counter[10]       ; CLOCK_50     ; CLOCK_50    ; 1.000        ; -0.243     ; 1.836      ;
; -1.092 ; Blink_Gen:u_blink_1hz|s_counter[0]        ; Blink_Gen:u_blink_1hz|s_counter[11]       ; CLOCK_50     ; CLOCK_50    ; 1.000        ; -0.243     ; 1.836      ;
; -1.092 ; Blink_Gen:u_blink_1hz|s_counter[0]        ; Blink_Gen:u_blink_1hz|s_counter[12]       ; CLOCK_50     ; CLOCK_50    ; 1.000        ; -0.243     ; 1.836      ;
; -1.071 ; ClkDivider:clk_6s_period|s_divCounter[20] ; ClkDivider:clk_6s_period|s_divCounter[18] ; CLOCK_50     ; CLOCK_50    ; 1.000        ; -0.041     ; 2.017      ;
; -1.071 ; ClkDivider:clk_6s_period|s_divCounter[20] ; ClkDivider:clk_6s_period|s_divCounter[14] ; CLOCK_50     ; CLOCK_50    ; 1.000        ; -0.041     ; 2.017      ;
; -1.071 ; ClkDivider:clk_6s_period|s_divCounter[20] ; ClkDivider:clk_6s_period|s_divCounter[15] ; CLOCK_50     ; CLOCK_50    ; 1.000        ; -0.041     ; 2.017      ;
; -1.071 ; ClkDivider:clk_6s_period|s_divCounter[20] ; ClkDivider:clk_6s_period|s_divCounter[16] ; CLOCK_50     ; CLOCK_50    ; 1.000        ; -0.041     ; 2.017      ;
; -1.071 ; ClkDivider:clk_6s_period|s_divCounter[20] ; ClkDivider:clk_6s_period|s_divCounter[19] ; CLOCK_50     ; CLOCK_50    ; 1.000        ; -0.041     ; 2.017      ;
; -1.071 ; ClkDivider:clk_6s_period|s_divCounter[20] ; ClkDivider:clk_6s_period|s_divCounter[25] ; CLOCK_50     ; CLOCK_50    ; 1.000        ; -0.041     ; 2.017      ;
; -1.071 ; ClkDivider:clk_6s_period|s_divCounter[20] ; ClkDivider:clk_6s_period|s_divCounter[20] ; CLOCK_50     ; CLOCK_50    ; 1.000        ; -0.041     ; 2.017      ;
; -1.071 ; ClkDivider:clk_6s_period|s_divCounter[20] ; ClkDivider:clk_6s_period|s_divCounter[21] ; CLOCK_50     ; CLOCK_50    ; 1.000        ; -0.041     ; 2.017      ;
; -1.071 ; ClkDivider:clk_6s_period|s_divCounter[20] ; ClkDivider:clk_6s_period|s_divCounter[22] ; CLOCK_50     ; CLOCK_50    ; 1.000        ; -0.041     ; 2.017      ;
; -1.071 ; ClkDivider:clk_6s_period|s_divCounter[20] ; ClkDivider:clk_6s_period|s_divCounter[23] ; CLOCK_50     ; CLOCK_50    ; 1.000        ; -0.041     ; 2.017      ;
; -1.071 ; ClkDivider:clk_6s_period|s_divCounter[20] ; ClkDivider:clk_6s_period|s_divCounter[24] ; CLOCK_50     ; CLOCK_50    ; 1.000        ; -0.041     ; 2.017      ;
; -1.071 ; ClkDivider:clk_6s_period|s_divCounter[20] ; ClkDivider:clk_6s_period|s_divCounter[27] ; CLOCK_50     ; CLOCK_50    ; 1.000        ; -0.041     ; 2.017      ;
; -1.071 ; ClkDivider:clk_6s_period|s_divCounter[20] ; ClkDivider:clk_6s_period|s_divCounter[26] ; CLOCK_50     ; CLOCK_50    ; 1.000        ; -0.041     ; 2.017      ;
; -1.071 ; ClkDivider:clk_6s_period|s_divCounter[20] ; ClkDivider:clk_6s_period|s_divCounter[28] ; CLOCK_50     ; CLOCK_50    ; 1.000        ; -0.041     ; 2.017      ;
; -1.068 ; ClkDivider:clk_6s_period|s_divCounter[1]  ; ClkDivider:clk_6s_period|s_divCounter[18] ; CLOCK_50     ; CLOCK_50    ; 1.000        ; -0.044     ; 2.011      ;
; -1.068 ; ClkDivider:clk_6s_period|s_divCounter[1]  ; ClkDivider:clk_6s_period|s_divCounter[14] ; CLOCK_50     ; CLOCK_50    ; 1.000        ; -0.044     ; 2.011      ;
; -1.068 ; ClkDivider:clk_6s_period|s_divCounter[1]  ; ClkDivider:clk_6s_period|s_divCounter[15] ; CLOCK_50     ; CLOCK_50    ; 1.000        ; -0.044     ; 2.011      ;
; -1.068 ; ClkDivider:clk_6s_period|s_divCounter[1]  ; ClkDivider:clk_6s_period|s_divCounter[16] ; CLOCK_50     ; CLOCK_50    ; 1.000        ; -0.044     ; 2.011      ;
; -1.068 ; ClkDivider:clk_6s_period|s_divCounter[1]  ; ClkDivider:clk_6s_period|s_divCounter[19] ; CLOCK_50     ; CLOCK_50    ; 1.000        ; -0.044     ; 2.011      ;
; -1.068 ; ClkDivider:clk_6s_period|s_divCounter[1]  ; ClkDivider:clk_6s_period|s_divCounter[25] ; CLOCK_50     ; CLOCK_50    ; 1.000        ; -0.044     ; 2.011      ;
; -1.068 ; ClkDivider:clk_6s_period|s_divCounter[1]  ; ClkDivider:clk_6s_period|s_divCounter[20] ; CLOCK_50     ; CLOCK_50    ; 1.000        ; -0.044     ; 2.011      ;
; -1.068 ; ClkDivider:clk_6s_period|s_divCounter[1]  ; ClkDivider:clk_6s_period|s_divCounter[21] ; CLOCK_50     ; CLOCK_50    ; 1.000        ; -0.044     ; 2.011      ;
; -1.068 ; ClkDivider:clk_6s_period|s_divCounter[1]  ; ClkDivider:clk_6s_period|s_divCounter[22] ; CLOCK_50     ; CLOCK_50    ; 1.000        ; -0.044     ; 2.011      ;
; -1.068 ; ClkDivider:clk_6s_period|s_divCounter[1]  ; ClkDivider:clk_6s_period|s_divCounter[23] ; CLOCK_50     ; CLOCK_50    ; 1.000        ; -0.044     ; 2.011      ;
; -1.068 ; ClkDivider:clk_6s_period|s_divCounter[1]  ; ClkDivider:clk_6s_period|s_divCounter[24] ; CLOCK_50     ; CLOCK_50    ; 1.000        ; -0.044     ; 2.011      ;
; -1.068 ; ClkDivider:clk_6s_period|s_divCounter[1]  ; ClkDivider:clk_6s_period|s_divCounter[27] ; CLOCK_50     ; CLOCK_50    ; 1.000        ; -0.044     ; 2.011      ;
; -1.068 ; ClkDivider:clk_6s_period|s_divCounter[1]  ; ClkDivider:clk_6s_period|s_divCounter[26] ; CLOCK_50     ; CLOCK_50    ; 1.000        ; -0.044     ; 2.011      ;
; -1.068 ; ClkDivider:clk_6s_period|s_divCounter[1]  ; ClkDivider:clk_6s_period|s_divCounter[28] ; CLOCK_50     ; CLOCK_50    ; 1.000        ; -0.044     ; 2.011      ;
; -1.067 ; ClkDivider:clk_6s_period|s_divCounter[10] ; ClkDivider:clk_6s_period|s_divCounter[18] ; CLOCK_50     ; CLOCK_50    ; 1.000        ; -0.044     ; 2.010      ;
; -1.067 ; ClkDivider:clk_6s_period|s_divCounter[10] ; ClkDivider:clk_6s_period|s_divCounter[14] ; CLOCK_50     ; CLOCK_50    ; 1.000        ; -0.044     ; 2.010      ;
; -1.067 ; ClkDivider:clk_6s_period|s_divCounter[10] ; ClkDivider:clk_6s_period|s_divCounter[15] ; CLOCK_50     ; CLOCK_50    ; 1.000        ; -0.044     ; 2.010      ;
; -1.067 ; ClkDivider:clk_6s_period|s_divCounter[10] ; ClkDivider:clk_6s_period|s_divCounter[16] ; CLOCK_50     ; CLOCK_50    ; 1.000        ; -0.044     ; 2.010      ;
; -1.067 ; ClkDivider:clk_6s_period|s_divCounter[10] ; ClkDivider:clk_6s_period|s_divCounter[19] ; CLOCK_50     ; CLOCK_50    ; 1.000        ; -0.044     ; 2.010      ;
; -1.067 ; ClkDivider:clk_6s_period|s_divCounter[10] ; ClkDivider:clk_6s_period|s_divCounter[25] ; CLOCK_50     ; CLOCK_50    ; 1.000        ; -0.044     ; 2.010      ;
; -1.067 ; ClkDivider:clk_6s_period|s_divCounter[10] ; ClkDivider:clk_6s_period|s_divCounter[20] ; CLOCK_50     ; CLOCK_50    ; 1.000        ; -0.044     ; 2.010      ;
; -1.067 ; ClkDivider:clk_6s_period|s_divCounter[10] ; ClkDivider:clk_6s_period|s_divCounter[21] ; CLOCK_50     ; CLOCK_50    ; 1.000        ; -0.044     ; 2.010      ;
; -1.067 ; ClkDivider:clk_6s_period|s_divCounter[10] ; ClkDivider:clk_6s_period|s_divCounter[22] ; CLOCK_50     ; CLOCK_50    ; 1.000        ; -0.044     ; 2.010      ;
; -1.067 ; ClkDivider:clk_6s_period|s_divCounter[10] ; ClkDivider:clk_6s_period|s_divCounter[23] ; CLOCK_50     ; CLOCK_50    ; 1.000        ; -0.044     ; 2.010      ;
+--------+-------------------------------------------+-------------------------------------------+--------------+-------------+--------------+------------+------------+


+--------------------------------------------------------------------------------------------------------------------------------------------+
; Fast 1200mV 0C Model Setup: 'ClkDivider:clk_6s_period|clkOut'                                                                              ;
+-------+-----------+-----------+---------------------------------+---------------------------------+--------------+------------+------------+
; Slack ; From Node ; To Node   ; Launch Clock                    ; Latch Clock                     ; Relationship ; Clock Skew ; Data Delay ;
+-------+-----------+-----------+---------------------------------+---------------------------------+--------------+------------+------------+
; 0.626 ; enable_6s ; enable_6s ; ClkDivider:clk_6s_period|clkOut ; ClkDivider:clk_6s_period|clkOut ; 1.000        ; -0.022     ; 0.359      ;
+-------+-----------+-----------+---------------------------------+---------------------------------+--------------+------------+------------+


+---------------------------------------------------------------------------------------------------------------------------------------------------------------------+
; Fast 1200mV 0C Model Hold: 'CLOCK_50'                                                                                                                               ;
+-------+-------------------------------------------+-------------------------------------------+--------------+-------------+--------------+------------+------------+
; Slack ; From Node                                 ; To Node                                   ; Launch Clock ; Latch Clock ; Relationship ; Clock Skew ; Data Delay ;
+-------+-------------------------------------------+-------------------------------------------+--------------+-------------+--------------+------------+------------+
; 0.200 ; Blink_Gen:u_blink_1hz|s_counter[25]       ; Blink_Gen:u_blink_1hz|s_counter[25]       ; CLOCK_50     ; CLOCK_50    ; 0.000        ; 0.041      ; 0.325      ;
; 0.211 ; ClkDivider:clk_6s_period|s_divCounter[28] ; ClkDivider:clk_6s_period|s_divCounter[28] ; CLOCK_50     ; CLOCK_50    ; 0.000        ; 0.041      ; 0.336      ;
; 0.213 ; Blink_Gen:u_blink_2hz|s_counter[24]       ; Blink_Gen:u_blink_2hz|s_counter[24]       ; CLOCK_50     ; CLOCK_50    ; 0.000        ; 0.040      ; 0.337      ;
; 0.292 ; ClkDivider:clk_6s_period|s_divCounter[3]  ; ClkDivider:clk_6s_period|s_divCounter[3]  ; CLOCK_50     ; CLOCK_50    ; 0.000        ; 0.041      ; 0.417      ;
; 0.292 ; Blink_Gen:u_blink_2hz|s_counter[9]        ; Blink_Gen:u_blink_2hz|s_counter[9]        ; CLOCK_50     ; CLOCK_50    ; 0.000        ; 0.041      ; 0.417      ;
; 0.293 ; ClkDivider:clk_6s_period|s_divCounter[1]  ; ClkDivider:clk_6s_period|s_divCounter[1]  ; CLOCK_50     ; CLOCK_50    ; 0.000        ; 0.041      ; 0.418      ;
; 0.293 ; Blink_Gen:u_blink_1hz|s_counter[3]        ; Blink_Gen:u_blink_1hz|s_counter[3]        ; CLOCK_50     ; CLOCK_50    ; 0.000        ; 0.041      ; 0.418      ;
; 0.293 ; Blink_Gen:u_blink_1hz|s_counter[7]        ; Blink_Gen:u_blink_1hz|s_counter[7]        ; CLOCK_50     ; CLOCK_50    ; 0.000        ; 0.041      ; 0.418      ;
; 0.293 ; Blink_Gen:u_blink_1hz|s_counter[9]        ; Blink_Gen:u_blink_1hz|s_counter[9]        ; CLOCK_50     ; CLOCK_50    ; 0.000        ; 0.041      ; 0.418      ;
; 0.293 ; Blink_Gen:u_blink_1hz|s_counter[10]       ; Blink_Gen:u_blink_1hz|s_counter[10]       ; CLOCK_50     ; CLOCK_50    ; 0.000        ; 0.041      ; 0.418      ;
; 0.293 ; Blink_Gen:u_blink_1hz|s_counter[18]       ; Blink_Gen:u_blink_1hz|s_counter[18]       ; CLOCK_50     ; CLOCK_50    ; 0.000        ; 0.049      ; 0.426      ;
; 0.293 ; Blink_Gen:u_blink_2hz|s_counter[3]        ; Blink_Gen:u_blink_2hz|s_counter[3]        ; CLOCK_50     ; CLOCK_50    ; 0.000        ; 0.041      ; 0.418      ;
; 0.293 ; Blink_Gen:u_blink_2hz|s_counter[7]        ; Blink_Gen:u_blink_2hz|s_counter[7]        ; CLOCK_50     ; CLOCK_50    ; 0.000        ; 0.041      ; 0.418      ;
; 0.294 ; ClkDivider:clk_6s_period|s_divCounter[4]  ; ClkDivider:clk_6s_period|s_divCounter[4]  ; CLOCK_50     ; CLOCK_50    ; 0.000        ; 0.041      ; 0.419      ;
; 0.294 ; ClkDivider:clk_6s_period|s_divCounter[5]  ; ClkDivider:clk_6s_period|s_divCounter[5]  ; CLOCK_50     ; CLOCK_50    ; 0.000        ; 0.041      ; 0.419      ;
; 0.294 ; ClkDivider:clk_6s_period|s_divCounter[6]  ; ClkDivider:clk_6s_period|s_divCounter[6]  ; CLOCK_50     ; CLOCK_50    ; 0.000        ; 0.041      ; 0.419      ;
; 0.294 ; Blink_Gen:u_blink_1hz|s_counter[1]        ; Blink_Gen:u_blink_1hz|s_counter[1]        ; CLOCK_50     ; CLOCK_50    ; 0.000        ; 0.041      ; 0.419      ;
; 0.294 ; Blink_Gen:u_blink_1hz|s_counter[5]        ; Blink_Gen:u_blink_1hz|s_counter[5]        ; CLOCK_50     ; CLOCK_50    ; 0.000        ; 0.041      ; 0.419      ;
; 0.294 ; Blink_Gen:u_blink_1hz|s_counter[8]        ; Blink_Gen:u_blink_1hz|s_counter[8]        ; CLOCK_50     ; CLOCK_50    ; 0.000        ; 0.041      ; 0.419      ;
; 0.294 ; Blink_Gen:u_blink_1hz|s_counter[19]       ; Blink_Gen:u_blink_1hz|s_counter[19]       ; CLOCK_50     ; CLOCK_50    ; 0.000        ; 0.041      ; 0.419      ;
; 0.294 ; Blink_Gen:u_blink_1hz|s_counter[21]       ; Blink_Gen:u_blink_1hz|s_counter[21]       ; CLOCK_50     ; CLOCK_50    ; 0.000        ; 0.041      ; 0.419      ;
; 0.294 ; Blink_Gen:u_blink_2hz|s_counter[8]        ; Blink_Gen:u_blink_2hz|s_counter[8]        ; CLOCK_50     ; CLOCK_50    ; 0.000        ; 0.041      ; 0.419      ;
; 0.295 ; ClkDivider:clk_6s_period|s_divCounter[2]  ; ClkDivider:clk_6s_period|s_divCounter[2]  ; CLOCK_50     ; CLOCK_50    ; 0.000        ; 0.041      ; 0.420      ;
; 0.295 ; Blink_Gen:u_blink_1hz|s_counter[2]        ; Blink_Gen:u_blink_1hz|s_counter[2]        ; CLOCK_50     ; CLOCK_50    ; 0.000        ; 0.041      ; 0.420      ;
; 0.295 ; Blink_Gen:u_blink_1hz|s_counter[4]        ; Blink_Gen:u_blink_1hz|s_counter[4]        ; CLOCK_50     ; CLOCK_50    ; 0.000        ; 0.041      ; 0.420      ;
; 0.295 ; Blink_Gen:u_blink_1hz|s_counter[20]       ; Blink_Gen:u_blink_1hz|s_counter[20]       ; CLOCK_50     ; CLOCK_50    ; 0.000        ; 0.041      ; 0.420      ;
; 0.295 ; Blink_Gen:u_blink_2hz|s_counter[6]        ; Blink_Gen:u_blink_2hz|s_counter[6]        ; CLOCK_50     ; CLOCK_50    ; 0.000        ; 0.041      ; 0.420      ;
; 0.295 ; Blink_Gen:u_blink_2hz|s_counter[19]       ; Blink_Gen:u_blink_2hz|s_counter[19]       ; CLOCK_50     ; CLOCK_50    ; 0.000        ; 0.040      ; 0.419      ;
; 0.296 ; Blink_Gen:u_blink_1hz|s_counter[22]       ; Blink_Gen:u_blink_1hz|s_counter[22]       ; CLOCK_50     ; CLOCK_50    ; 0.000        ; 0.041      ; 0.421      ;
; 0.296 ; Blink_Gen:u_blink_2hz|s_counter[18]       ; Blink_Gen:u_blink_2hz|s_counter[18]       ; CLOCK_50     ; CLOCK_50    ; 0.000        ; 0.040      ; 0.420      ;
; 0.298 ; ClkDivider:clk_6s_period|s_divCounter[13] ; ClkDivider:clk_6s_period|s_divCounter[13] ; CLOCK_50     ; CLOCK_50    ; 0.000        ; 0.041      ; 0.423      ;
; 0.298 ; Blink_Gen:u_blink_2hz|s_counter[11]       ; Blink_Gen:u_blink_2hz|s_counter[11]       ; CLOCK_50     ; CLOCK_50    ; 0.000        ; 0.041      ; 0.423      ;
; 0.299 ; Blink_Gen:u_blink_1hz|s_counter[12]       ; Blink_Gen:u_blink_1hz|s_counter[12]       ; CLOCK_50     ; CLOCK_50    ; 0.000        ; 0.041      ; 0.424      ;
; 0.299 ; Blink_Gen:u_blink_2hz|s_counter[1]        ; Blink_Gen:u_blink_2hz|s_counter[1]        ; CLOCK_50     ; CLOCK_50    ; 0.000        ; 0.041      ; 0.424      ;
; 0.300 ; ClkDivider:clk_6s_period|s_divCounter[9]  ; ClkDivider:clk_6s_period|s_divCounter[9]  ; CLOCK_50     ; CLOCK_50    ; 0.000        ; 0.041      ; 0.425      ;
; 0.300 ; ClkDivider:clk_6s_period|s_divCounter[19] ; ClkDivider:clk_6s_period|s_divCounter[19] ; CLOCK_50     ; CLOCK_50    ; 0.000        ; 0.041      ; 0.425      ;
; 0.300 ; ClkDivider:clk_6s_period|s_divCounter[25] ; ClkDivider:clk_6s_period|s_divCounter[25] ; CLOCK_50     ; CLOCK_50    ; 0.000        ; 0.041      ; 0.425      ;
; 0.300 ; ClkDivider:clk_6s_period|s_divCounter[27] ; ClkDivider:clk_6s_period|s_divCounter[27] ; CLOCK_50     ; CLOCK_50    ; 0.000        ; 0.041      ; 0.425      ;
; 0.300 ; Blink_Gen:u_blink_1hz|s_counter[11]       ; Blink_Gen:u_blink_1hz|s_counter[11]       ; CLOCK_50     ; CLOCK_50    ; 0.000        ; 0.041      ; 0.425      ;
; 0.300 ; Blink_Gen:u_blink_2hz|s_counter[2]        ; Blink_Gen:u_blink_2hz|s_counter[2]        ; CLOCK_50     ; CLOCK_50    ; 0.000        ; 0.041      ; 0.425      ;
; 0.301 ; ClkDivider:clk_6s_period|s_divCounter[7]  ; ClkDivider:clk_6s_period|s_divCounter[7]  ; CLOCK_50     ; CLOCK_50    ; 0.000        ; 0.041      ; 0.426      ;
; 0.301 ; ClkDivider:clk_6s_period|s_divCounter[12] ; ClkDivider:clk_6s_period|s_divCounter[12] ; CLOCK_50     ; CLOCK_50    ; 0.000        ; 0.041      ; 0.426      ;
; 0.301 ; ClkDivider:clk_6s_period|s_divCounter[14] ; ClkDivider:clk_6s_period|s_divCounter[14] ; CLOCK_50     ; CLOCK_50    ; 0.000        ; 0.041      ; 0.426      ;
; 0.301 ; ClkDivider:clk_6s_period|s_divCounter[21] ; ClkDivider:clk_6s_period|s_divCounter[21] ; CLOCK_50     ; CLOCK_50    ; 0.000        ; 0.041      ; 0.426      ;
; 0.301 ; ClkDivider:clk_6s_period|s_divCounter[23] ; ClkDivider:clk_6s_period|s_divCounter[23] ; CLOCK_50     ; CLOCK_50    ; 0.000        ; 0.041      ; 0.426      ;
; 0.301 ; Blink_Gen:u_blink_1hz|s_counter[0]        ; Blink_Gen:u_blink_1hz|s_counter[0]        ; CLOCK_50     ; CLOCK_50    ; 0.000        ; 0.049      ; 0.434      ;
; 0.301 ; Blink_Gen:u_blink_1hz|s_counter[24]       ; Blink_Gen:u_blink_1hz|s_counter[24]       ; CLOCK_50     ; CLOCK_50    ; 0.000        ; 0.041      ; 0.426      ;
; 0.301 ; Blink_Gen:u_blink_2hz|s_counter[4]        ; Blink_Gen:u_blink_2hz|s_counter[4]        ; CLOCK_50     ; CLOCK_50    ; 0.000        ; 0.041      ; 0.426      ;
; 0.301 ; Blink_Gen:u_blink_2hz|s_counter[5]        ; Blink_Gen:u_blink_2hz|s_counter[5]        ; CLOCK_50     ; CLOCK_50    ; 0.000        ; 0.041      ; 0.426      ;
; 0.301 ; Blink_Gen:u_blink_2hz|s_counter[10]       ; Blink_Gen:u_blink_2hz|s_counter[10]       ; CLOCK_50     ; CLOCK_50    ; 0.000        ; 0.041      ; 0.426      ;
; 0.301 ; Blink_Gen:u_blink_2hz|s_counter[23]       ; Blink_Gen:u_blink_2hz|s_counter[23]       ; CLOCK_50     ; CLOCK_50    ; 0.000        ; 0.040      ; 0.425      ;
; 0.302 ; ClkDivider:clk_6s_period|s_divCounter[18] ; ClkDivider:clk_6s_period|s_divCounter[18] ; CLOCK_50     ; CLOCK_50    ; 0.000        ; 0.041      ; 0.427      ;
; 0.302 ; ClkDivider:clk_6s_period|s_divCounter[8]  ; ClkDivider:clk_6s_period|s_divCounter[8]  ; CLOCK_50     ; CLOCK_50    ; 0.000        ; 0.041      ; 0.427      ;
; 0.302 ; ClkDivider:clk_6s_period|s_divCounter[10] ; ClkDivider:clk_6s_period|s_divCounter[10] ; CLOCK_50     ; CLOCK_50    ; 0.000        ; 0.041      ; 0.427      ;
; 0.302 ; ClkDivider:clk_6s_period|s_divCounter[22] ; ClkDivider:clk_6s_period|s_divCounter[22] ; CLOCK_50     ; CLOCK_50    ; 0.000        ; 0.041      ; 0.427      ;
; 0.302 ; Blink_Gen:u_blink_1hz|s_counter[23]       ; Blink_Gen:u_blink_1hz|s_counter[23]       ; CLOCK_50     ; CLOCK_50    ; 0.000        ; 0.041      ; 0.427      ;
; 0.303 ; ClkDivider:clk_6s_period|s_divCounter[15] ; ClkDivider:clk_6s_period|s_divCounter[15] ; CLOCK_50     ; CLOCK_50    ; 0.000        ; 0.041      ; 0.428      ;
; 0.303 ; ClkDivider:clk_6s_period|s_divCounter[24] ; ClkDivider:clk_6s_period|s_divCounter[24] ; CLOCK_50     ; CLOCK_50    ; 0.000        ; 0.041      ; 0.428      ;
; 0.304 ; Blink_Gen:u_blink_2hz|s_counter[22]       ; Blink_Gen:u_blink_2hz|s_counter[22]       ; CLOCK_50     ; CLOCK_50    ; 0.000        ; 0.040      ; 0.428      ;
; 0.305 ; Blink_Gen:u_blink_2hz|s_counter[0]        ; Blink_Gen:u_blink_2hz|s_counter[0]        ; CLOCK_50     ; CLOCK_50    ; 0.000        ; 0.049      ; 0.438      ;
; 0.306 ; ClkDivider:clk_6s_period|s_divCounter[0]  ; ClkDivider:clk_6s_period|s_divCounter[0]  ; CLOCK_50     ; CLOCK_50    ; 0.000        ; 0.041      ; 0.431      ;
; 0.306 ; Blink_Gen:u_blink_1hz|s_counter[6]        ; Blink_Gen:u_blink_1hz|s_counter[6]        ; CLOCK_50     ; CLOCK_50    ; 0.000        ; 0.041      ; 0.431      ;
; 0.311 ; ClkDivider:clk_6s_period|s_divCounter[11] ; ClkDivider:clk_6s_period|s_divCounter[11] ; CLOCK_50     ; CLOCK_50    ; 0.000        ; 0.041      ; 0.436      ;
; 0.314 ; ClkDivider:clk_6s_period|s_divCounter[26] ; ClkDivider:clk_6s_period|s_divCounter[26] ; CLOCK_50     ; CLOCK_50    ; 0.000        ; 0.041      ; 0.439      ;
; 0.370 ; ClkDivider:clk_6s_period|s_divCounter[16] ; ClkDivider:clk_6s_period|s_divCounter[16] ; CLOCK_50     ; CLOCK_50    ; 0.000        ; 0.041      ; 0.495      ;
; 0.370 ; Blink_Gen:u_blink_2hz|s_counter[20]       ; Blink_Gen:u_blink_2hz|s_counter[20]       ; CLOCK_50     ; CLOCK_50    ; 0.000        ; 0.040      ; 0.494      ;
; 0.370 ; Blink_Gen:u_blink_2hz|s_counter[21]       ; Blink_Gen:u_blink_2hz|s_counter[21]       ; CLOCK_50     ; CLOCK_50    ; 0.000        ; 0.040      ; 0.494      ;
; 0.376 ; ClkDivider:clk_6s_period|s_divCounter[20] ; ClkDivider:clk_6s_period|s_divCounter[20] ; CLOCK_50     ; CLOCK_50    ; 0.000        ; 0.041      ; 0.501      ;
; 0.391 ; Blink_Gen:u_blink_1hz|s_counter[12]       ; Blink_Gen:u_blink_1hz|s_counter[18]       ; CLOCK_50     ; CLOCK_50    ; 0.000        ; 0.242      ; 0.717      ;
; 0.441 ; ClkDivider:clk_6s_period|s_divCounter[3]  ; ClkDivider:clk_6s_period|s_divCounter[4]  ; CLOCK_50     ; CLOCK_50    ; 0.000        ; 0.041      ; 0.566      ;
; 0.441 ; Blink_Gen:u_blink_2hz|s_counter[9]        ; Blink_Gen:u_blink_2hz|s_counter[10]       ; CLOCK_50     ; CLOCK_50    ; 0.000        ; 0.041      ; 0.566      ;
; 0.442 ; Blink_Gen:u_blink_1hz|s_counter[9]        ; Blink_Gen:u_blink_1hz|s_counter[10]       ; CLOCK_50     ; CLOCK_50    ; 0.000        ; 0.041      ; 0.567      ;
; 0.442 ; Blink_Gen:u_blink_1hz|s_counter[7]        ; Blink_Gen:u_blink_1hz|s_counter[8]        ; CLOCK_50     ; CLOCK_50    ; 0.000        ; 0.041      ; 0.567      ;
; 0.442 ; Blink_Gen:u_blink_2hz|s_counter[7]        ; Blink_Gen:u_blink_2hz|s_counter[8]        ; CLOCK_50     ; CLOCK_50    ; 0.000        ; 0.041      ; 0.567      ;
; 0.442 ; ClkDivider:clk_6s_period|s_divCounter[1]  ; ClkDivider:clk_6s_period|s_divCounter[2]  ; CLOCK_50     ; CLOCK_50    ; 0.000        ; 0.041      ; 0.567      ;
; 0.442 ; Blink_Gen:u_blink_1hz|s_counter[3]        ; Blink_Gen:u_blink_1hz|s_counter[4]        ; CLOCK_50     ; CLOCK_50    ; 0.000        ; 0.041      ; 0.567      ;
; 0.442 ; Blink_Gen:u_blink_2hz|s_counter[3]        ; Blink_Gen:u_blink_2hz|s_counter[4]        ; CLOCK_50     ; CLOCK_50    ; 0.000        ; 0.041      ; 0.567      ;
; 0.443 ; ClkDivider:clk_6s_period|s_divCounter[5]  ; ClkDivider:clk_6s_period|s_divCounter[6]  ; CLOCK_50     ; CLOCK_50    ; 0.000        ; 0.041      ; 0.568      ;
; 0.443 ; Blink_Gen:u_blink_1hz|s_counter[1]        ; Blink_Gen:u_blink_1hz|s_counter[2]        ; CLOCK_50     ; CLOCK_50    ; 0.000        ; 0.041      ; 0.568      ;
; 0.443 ; Blink_Gen:u_blink_1hz|s_counter[19]       ; Blink_Gen:u_blink_1hz|s_counter[20]       ; CLOCK_50     ; CLOCK_50    ; 0.000        ; 0.041      ; 0.568      ;
; 0.443 ; Blink_Gen:u_blink_1hz|s_counter[21]       ; Blink_Gen:u_blink_1hz|s_counter[22]       ; CLOCK_50     ; CLOCK_50    ; 0.000        ; 0.041      ; 0.568      ;
; 0.443 ; Blink_Gen:u_blink_1hz|s_counter[5]        ; Blink_Gen:u_blink_1hz|s_counter[6]        ; CLOCK_50     ; CLOCK_50    ; 0.000        ; 0.041      ; 0.568      ;
; 0.444 ; Blink_Gen:u_blink_2hz|s_counter[19]       ; Blink_Gen:u_blink_2hz|s_counter[20]       ; CLOCK_50     ; CLOCK_50    ; 0.000        ; 0.040      ; 0.568      ;
; 0.446 ; Blink_Gen:u_blink_1hz|s_counter[11]       ; Blink_Gen:u_blink_1hz|s_counter[18]       ; CLOCK_50     ; CLOCK_50    ; 0.000        ; 0.242      ; 0.772      ;
; 0.448 ; Blink_Gen:u_blink_2hz|s_counter[1]        ; Blink_Gen:u_blink_2hz|s_counter[2]        ; CLOCK_50     ; CLOCK_50    ; 0.000        ; 0.041      ; 0.573      ;
; 0.449 ; ClkDivider:clk_6s_period|s_divCounter[27] ; ClkDivider:clk_6s_period|s_divCounter[28] ; CLOCK_50     ; CLOCK_50    ; 0.000        ; 0.041      ; 0.574      ;
; 0.449 ; Blink_Gen:u_blink_1hz|s_counter[11]       ; Blink_Gen:u_blink_1hz|s_counter[12]       ; CLOCK_50     ; CLOCK_50    ; 0.000        ; 0.041      ; 0.574      ;
; 0.449 ; ClkDivider:clk_6s_period|s_divCounter[9]  ; ClkDivider:clk_6s_period|s_divCounter[10] ; CLOCK_50     ; CLOCK_50    ; 0.000        ; 0.041      ; 0.574      ;
; 0.449 ; ClkDivider:clk_6s_period|s_divCounter[25] ; ClkDivider:clk_6s_period|s_divCounter[26] ; CLOCK_50     ; CLOCK_50    ; 0.000        ; 0.041      ; 0.574      ;
; 0.449 ; ClkDivider:clk_6s_period|s_divCounter[19] ; ClkDivider:clk_6s_period|s_divCounter[20] ; CLOCK_50     ; CLOCK_50    ; 0.000        ; 0.041      ; 0.574      ;
; 0.450 ; Blink_Gen:u_blink_2hz|s_counter[23]       ; Blink_Gen:u_blink_2hz|s_counter[24]       ; CLOCK_50     ; CLOCK_50    ; 0.000        ; 0.040      ; 0.574      ;
; 0.450 ; Blink_Gen:u_blink_2hz|s_counter[5]        ; Blink_Gen:u_blink_2hz|s_counter[6]        ; CLOCK_50     ; CLOCK_50    ; 0.000        ; 0.041      ; 0.575      ;
; 0.450 ; ClkDivider:clk_6s_period|s_divCounter[13] ; ClkDivider:clk_6s_period|s_divCounter[14] ; CLOCK_50     ; CLOCK_50    ; 0.000        ; 0.038      ; 0.572      ;
; 0.450 ; ClkDivider:clk_6s_period|s_divCounter[7]  ; ClkDivider:clk_6s_period|s_divCounter[8]  ; CLOCK_50     ; CLOCK_50    ; 0.000        ; 0.041      ; 0.575      ;
; 0.450 ; ClkDivider:clk_6s_period|s_divCounter[21] ; ClkDivider:clk_6s_period|s_divCounter[22] ; CLOCK_50     ; CLOCK_50    ; 0.000        ; 0.041      ; 0.575      ;
; 0.450 ; ClkDivider:clk_6s_period|s_divCounter[23] ; ClkDivider:clk_6s_period|s_divCounter[24] ; CLOCK_50     ; CLOCK_50    ; 0.000        ; 0.041      ; 0.575      ;
; 0.451 ; Blink_Gen:u_blink_1hz|s_counter[10]       ; Blink_Gen:u_blink_1hz|s_counter[11]       ; CLOCK_50     ; CLOCK_50    ; 0.000        ; 0.041      ; 0.576      ;
; 0.451 ; Blink_Gen:u_blink_1hz|s_counter[23]       ; Blink_Gen:u_blink_1hz|s_counter[24]       ; CLOCK_50     ; CLOCK_50    ; 0.000        ; 0.041      ; 0.576      ;
; 0.451 ; Blink_Gen:u_blink_1hz|s_counter[10]       ; Blink_Gen:u_blink_1hz|s_counter[18]       ; CLOCK_50     ; CLOCK_50    ; 0.000        ; 0.242      ; 0.777      ;
; 0.452 ; Blink_Gen:u_blink_2hz|s_counter[8]        ; Blink_Gen:u_blink_2hz|s_counter[9]        ; CLOCK_50     ; CLOCK_50    ; 0.000        ; 0.041      ; 0.577      ;
+-------+-------------------------------------------+-------------------------------------------+--------------+-------------+--------------+------------+------------+


+--------------------------------------------------------------------------------------------------------------------------------------------+
; Fast 1200mV 0C Model Hold: 'ClkDivider:clk_6s_period|clkOut'                                                                               ;
+-------+-----------+-----------+---------------------------------+---------------------------------+--------------+------------+------------+
; Slack ; From Node ; To Node   ; Launch Clock                    ; Latch Clock                     ; Relationship ; Clock Skew ; Data Delay ;
+-------+-----------+-----------+---------------------------------+---------------------------------+--------------+------------+------------+
; 0.201 ; enable_6s ; enable_6s ; ClkDivider:clk_6s_period|clkOut ; ClkDivider:clk_6s_period|clkOut ; 0.000        ; 0.022      ; 0.307      ;
+-------+-----------+-----------+---------------------------------+---------------------------------+--------------+------------+------------+


----------------------------------------------
; Fast 1200mV 0C Model Metastability Summary ;
----------------------------------------------
No synchronizer chains to report.


+------------------------------------------------------------------------------------------------+
; Multicorner Timing Analysis Summary                                                            ;
+----------------------------------+----------+-------+----------+---------+---------------------+
; Clock                            ; Setup    ; Hold  ; Recovery ; Removal ; Minimum Pulse Width ;
+----------------------------------+----------+-------+----------+---------+---------------------+
; Worst-case Slack                 ; -4.467   ; 0.200 ; N/A      ; N/A     ; -3.000              ;
;  CLOCK_50                        ; -4.467   ; 0.200 ; N/A      ; N/A     ; -3.000              ;
;  ClkDivider:clk_6s_period|clkOut ; 0.210    ; 0.201 ; N/A      ; N/A     ; -1.285              ;
; Design-wide TNS                  ; -267.224 ; 0.0   ; 0.0      ; 0.0     ; -108.37             ;
;  CLOCK_50                        ; -267.224 ; 0.000 ; N/A      ; N/A     ; -107.085            ;
;  ClkDivider:clk_6s_period|clkOut ; 0.000    ; 0.000 ; N/A      ; N/A     ; -1.285              ;
+----------------------------------+----------+-------+----------+---------+---------------------+


+------------------------------------------------------------------------------------------------------------------------------------------------------------------------------------------------------------------------------------------------------------------------------------------------------------------------------------------------------------------------------------------------------------------+
; Board Trace Model Assignments                                                                                                                                                                                                                                                                                                                                                                                    ;
+---------------+--------------+-------------------+-------------------------+-------------------------+---------------+---------------------+----------------+------------------+--------+------------------+------------------------+------------------------+--------------+---------------+-----------------+-------+---------------------+--------------------+---------------+-----------------+-------------+
; Pin           ; I/O Standard ; Near Tline Length ; Near Tline L per Length ; Near Tline C per Length ; Near Series R ; Near Differential R ; Near Pull-up R ; Near Pull-down R ; Near C ; Far Tline Length ; Far Tline L per Length ; Far Tline C per Length ; Far Series R ; Far Pull-up R ; Far Pull-down R ; Far C ; Termination Voltage ; Far Differential R ; EBD File Name ; EBD Signal Name ; EBD Far-end ;
+---------------+--------------+-------------------+-------------------------+-------------------------+---------------+---------------------+----------------+------------------+--------+------------------+------------------------+------------------------+--------------+---------------+-----------------+-------+---------------------+--------------------+---------------+-----------------+-------------+
; LEDR[0]       ; 2.5 V        ; 0 in              ; 0 H/in                  ; 0 F/in                  ; short         ; -                   ; open           ; open             ; open   ; 0 in             ; 0 H/in                 ; 0 F/in                 ; short        ; open          ; open            ; open  ; 0 V                 ; -                  ; n/a           ; n/a             ; n/a         ;
; LEDR[1]       ; 2.5 V        ; 0 in              ; 0 H/in                  ; 0 F/in                  ; short         ; -                   ; open           ; open             ; open   ; 0 in             ; 0 H/in                 ; 0 F/in                 ; short        ; open          ; open            ; open  ; 0 V                 ; -                  ; n/a           ; n/a             ; n/a         ;
; LEDR[2]       ; 2.5 V        ; 0 in              ; 0 H/in                  ; 0 F/in                  ; short         ; -                   ; open           ; open             ; open   ; 0 in             ; 0 H/in                 ; 0 F/in                 ; short        ; open          ; open            ; open  ; 0 V                 ; -                  ; n/a           ; n/a             ; n/a         ;
; LEDR[3]       ; 2.5 V        ; 0 in              ; 0 H/in                  ; 0 F/in                  ; short         ; -                   ; open           ; open             ; open   ; 0 in             ; 0 H/in                 ; 0 F/in                 ; short        ; open          ; open            ; open  ; 0 V                 ; -                  ; n/a           ; n/a             ; n/a         ;
; LEDR[4]       ; 2.5 V        ; 0 in              ; 0 H/in                  ; 0 F/in                  ; short         ; -                   ; open           ; open             ; open   ; 0 in             ; 0 H/in                 ; 0 F/in                 ; short        ; open          ; open            ; open  ; 0 V                 ; -                  ; n/a           ; n/a             ; n/a         ;
; LEDR[5]       ; 2.5 V        ; 0 in              ; 0 H/in                  ; 0 F/in                  ; short         ; -                   ; open           ; open             ; open   ; 0 in             ; 0 H/in                 ; 0 F/in                 ; short        ; open          ; open            ; open  ; 0 V                 ; -                  ; n/a           ; n/a             ; n/a         ;
; LEDR[6]       ; 2.5 V        ; 0 in              ; 0 H/in                  ; 0 F/in                  ; short         ; -                   ; open           ; open             ; open   ; 0 in             ; 0 H/in                 ; 0 F/in                 ; short        ; open          ; open            ; open  ; 0 V                 ; -                  ; n/a           ; n/a             ; n/a         ;
; LEDR[7]       ; 2.5 V        ; 0 in              ; 0 H/in                  ; 0 F/in                  ; short         ; -                   ; open           ; open             ; open   ; 0 in             ; 0 H/in                 ; 0 F/in                 ; short        ; open          ; open            ; open  ; 0 V                 ; -                  ; n/a           ; n/a             ; n/a         ;
; LEDG[0]       ; 2.5 V        ; 0 in              ; 0 H/in                  ; 0 F/in                  ; short         ; -                   ; open           ; open             ; open   ; 0 in             ; 0 H/in                 ; 0 F/in                 ; short        ; open          ; open            ; open  ; 0 V                 ; -                  ; n/a           ; n/a             ; n/a         ;
; LEDG[1]       ; 2.5 V        ; 0 in              ; 0 H/in                  ; 0 F/in                  ; short         ; -                   ; open           ; open             ; open   ; 0 in             ; 0 H/in                 ; 0 F/in                 ; short        ; open          ; open            ; open  ; 0 V                 ; -                  ; n/a           ; n/a             ; n/a         ;
; LEDG[2]       ; 2.5 V        ; 0 in              ; 0 H/in                  ; 0 F/in                  ; short         ; -                   ; open           ; open             ; open   ; 0 in             ; 0 H/in                 ; 0 F/in                 ; short        ; open          ; open            ; open  ; 0 V                 ; -                  ; n/a           ; n/a             ; n/a         ;
; LEDG[3]       ; 2.5 V        ; 0 in              ; 0 H/in                  ; 0 F/in                  ; short         ; -                   ; open           ; open             ; open   ; 0 in             ; 0 H/in                 ; 0 F/in                 ; short        ; open          ; open            ; open  ; 0 V                 ; -                  ; n/a           ; n/a             ; n/a         ;
; HEX0[0]       ; 2.5 V        ; 0 in              ; 0 H/in                  ; 0 F/in                  ; short         ; -                   ; open           ; open             ; open   ; 0 in             ; 0 H/in                 ; 0 F/in                 ; short        ; open          ; open            ; open  ; 0 V                 ; -                  ; n/a           ; n/a             ; n/a         ;
; HEX0[1]       ; 2.5 V        ; 0 in              ; 0 H/in                  ; 0 F/in                  ; short         ; -                   ; open           ; open             ; open   ; 0 in             ; 0 H/in                 ; 0 F/in                 ; short        ; open          ; open            ; open  ; 0 V                 ; -                  ; n/a           ; n/a             ; n/a         ;
; HEX0[2]       ; 2.5 V        ; 0 in              ; 0 H/in                  ; 0 F/in                  ; short         ; -                   ; open           ; open             ; open   ; 0 in             ; 0 H/in                 ; 0 F/in                 ; short        ; open          ; open            ; open  ; 0 V                 ; -                  ; n/a           ; n/a             ; n/a         ;
; HEX0[3]       ; 2.5 V        ; 0 in              ; 0 H/in                  ; 0 F/in                  ; short         ; -                   ; open           ; open             ; open   ; 0 in             ; 0 H/in                 ; 0 F/in                 ; short        ; open          ; open            ; open  ; 0 V                 ; -                  ; n/a           ; n/a             ; n/a         ;
; HEX0[4]       ; 2.5 V        ; 0 in              ; 0 H/in                  ; 0 F/in                  ; short         ; -                   ; open           ; open             ; open   ; 0 in             ; 0 H/in                 ; 0 F/in                 ; short        ; open          ; open            ; open  ; 0 V                 ; -                  ; n/a           ; n/a             ; n/a         ;
; HEX0[5]       ; 2.5 V        ; 0 in              ; 0 H/in                  ; 0 F/in                  ; short         ; -                   ; open           ; open             ; open   ; 0 in             ; 0 H/in                 ; 0 F/in                 ; short        ; open          ; open            ; open  ; 0 V                 ; -                  ; n/a           ; n/a             ; n/a         ;
; HEX0[6]       ; 2.5 V        ; 0 in              ; 0 H/in                  ; 0 F/in                  ; short         ; -                   ; open           ; open             ; open   ; 0 in             ; 0 H/in                 ; 0 F/in                 ; short        ; open          ; open            ; open  ; 0 V                 ; -                  ; n/a           ; n/a             ; n/a         ;
; ~ALTERA_DCLK~ ; 2.5 V        ; 0 in              ; 0 H/in                  ; 0 F/in                  ; short         ; -                   ; open           ; open             ; open   ; 0 in             ; 0 H/in                 ; 0 F/in                 ; short        ; open          ; open            ; open  ; 0 V                 ; -                  ; n/a           ; n/a             ; n/a         ;
; ~ALTERA_nCEO~ ; 2.5 V        ; 0 in              ; 0 H/in                  ; 0 F/in                  ; short         ; -                   ; open           ; open             ; open   ; 0 in             ; 0 H/in                 ; 0 F/in                 ; short        ; open          ; open            ; open  ; 0 V                 ; -                  ; n/a           ; n/a             ; n/a         ;
+---------------+--------------+-------------------+-------------------------+-------------------------+---------------+---------------------+----------------+------------------+--------+------------------+------------------------+------------------------+--------------+---------------+-----------------+-------+---------------------+--------------------+---------------+-----------------+-------------+


+----------------------------------------------------------------------------+
; Input Transition Times                                                     ;
+-------------------------+--------------+-----------------+-----------------+
; Pin                     ; I/O Standard ; 10-90 Rise Time ; 90-10 Fall Time ;
+-------------------------+--------------+-----------------+-----------------+
; SW[0]                   ; 2.5 V        ; 2000 ps         ; 2000 ps         ;
; SW[1]                   ; 2.5 V        ; 2000 ps         ; 2000 ps         ;
; CLOCK_50                ; 2.5 V        ; 2000 ps         ; 2000 ps         ;
; ~ALTERA_ASDO_DATA1~     ; 2.5 V        ; 2000 ps         ; 2000 ps         ;
; ~ALTERA_FLASH_nCE_nCSO~ ; 2.5 V        ; 2000 ps         ; 2000 ps         ;
; ~ALTERA_DATA0~          ; 2.5 V        ; 2000 ps         ; 2000 ps         ;
+-------------------------+--------------+-----------------+-----------------+


+--------------------------------------------------------------------------------------------------------------------------------------------------------------------------------------------------------------------------------------------------------------------------------------------------------------------------------------------------------------------------------------------------------------------------------------------------------------------------------------------------------------------------------------------------------------------------------------------------------------------------------------------------------------------------------------------+
; Signal Integrity Metrics (Slow 1200mv 0c Model)                                                                                                                                                                                                                                                                                                                                                                                                                                                                                                                                                                                                                                            ;
+---------------+--------------+---------------------+---------------------+------------------------------+------------------------------+---------------------+---------------------+--------------------------------------+--------------------------------------+-----------------------------+-----------------------------+----------------------------+----------------------------+-----------------------------+-----------------------------+--------------------+--------------------+-------------------------------------+-------------------------------------+----------------------------+----------------------------+---------------------------+---------------------------+
; Pin           ; I/O Standard ; Board Delay on Rise ; Board Delay on Fall ; Steady State Voh at FPGA Pin ; Steady State Vol at FPGA Pin ; Voh Max at FPGA Pin ; Vol Min at FPGA Pin ; Ringback Voltage on Rise at FPGA Pin ; Ringback Voltage on Fall at FPGA Pin ; 10-90 Rise Time at FPGA Pin ; 90-10 Fall Time at FPGA Pin ; Monotonic Rise at FPGA Pin ; Monotonic Fall at FPGA Pin ; Steady State Voh at Far-end ; Steady State Vol at Far-end ; Voh Max at Far-end ; Vol Min at Far-end ; Ringback Voltage on Rise at Far-end ; Ringback Voltage on Fall at Far-end ; 10-90 Rise Time at Far-end ; 90-10 Fall Time at Far-end ; Monotonic Rise at Far-end ; Monotonic Fall at Far-end ;
+---------------+--------------+---------------------+---------------------+------------------------------+------------------------------+---------------------+---------------------+--------------------------------------+--------------------------------------+-----------------------------+-----------------------------+----------------------------+----------------------------+-----------------------------+-----------------------------+--------------------+--------------------+-------------------------------------+-------------------------------------+----------------------------+----------------------------+---------------------------+---------------------------+
; LEDR[0]       ; 2.5 V        ; 0 s                 ; 0 s                 ; 2.32 V                       ; 4.49e-09 V                   ; 2.38 V              ; -0.00552 V          ; 0.096 V                              ; 0.019 V                              ; 4.18e-10 s                  ; 3.59e-10 s                  ; No                         ; Yes                        ; 2.32 V                      ; 4.49e-09 V                  ; 2.38 V             ; -0.00552 V         ; 0.096 V                             ; 0.019 V                             ; 4.18e-10 s                 ; 3.59e-10 s                 ; No                        ; Yes                       ;
; LEDR[1]       ; 2.5 V        ; 0 s                 ; 0 s                 ; 2.32 V                       ; 4.49e-09 V                   ; 2.38 V              ; -0.00552 V          ; 0.096 V                              ; 0.019 V                              ; 4.18e-10 s                  ; 3.59e-10 s                  ; No                         ; Yes                        ; 2.32 V                      ; 4.49e-09 V                  ; 2.38 V             ; -0.00552 V         ; 0.096 V                             ; 0.019 V                             ; 4.18e-10 s                 ; 3.59e-10 s                 ; No                        ; Yes                       ;
; LEDR[2]       ; 2.5 V        ; 0 s                 ; 0 s                 ; 2.32 V                       ; 4.49e-09 V                   ; 2.38 V              ; -0.00552 V          ; 0.096 V                              ; 0.019 V                              ; 4.18e-10 s                  ; 3.59e-10 s                  ; No                         ; Yes                        ; 2.32 V                      ; 4.49e-09 V                  ; 2.38 V             ; -0.00552 V         ; 0.096 V                             ; 0.019 V                             ; 4.18e-10 s                 ; 3.59e-10 s                 ; No                        ; Yes                       ;
; LEDR[3]       ; 2.5 V        ; 0 s                 ; 0 s                 ; 2.32 V                       ; 4.49e-09 V                   ; 2.38 V              ; -0.00552 V          ; 0.096 V                              ; 0.019 V                              ; 4.18e-10 s                  ; 3.59e-10 s                  ; No                         ; Yes                        ; 2.32 V                      ; 4.49e-09 V                  ; 2.38 V             ; -0.00552 V         ; 0.096 V                             ; 0.019 V                             ; 4.18e-10 s                 ; 3.59e-10 s                 ; No                        ; Yes                       ;
; LEDR[4]       ; 2.5 V        ; 0 s                 ; 0 s                 ; 2.32 V                       ; 4.49e-09 V                   ; 2.38 V              ; -0.00552 V          ; 0.096 V                              ; 0.019 V                              ; 4.18e-10 s                  ; 3.59e-10 s                  ; No                         ; Yes                        ; 2.32 V                      ; 4.49e-09 V                  ; 2.38 V             ; -0.00552 V         ; 0.096 V                             ; 0.019 V                             ; 4.18e-10 s                 ; 3.59e-10 s                 ; No                        ; Yes                       ;
; LEDR[5]       ; 2.5 V        ; 0 s                 ; 0 s                 ; 2.32 V                       ; 4.49e-09 V                   ; 2.38 V              ; -0.00552 V          ; 0.096 V                              ; 0.019 V                              ; 4.18e-10 s                  ; 3.59e-10 s                  ; No                         ; Yes                        ; 2.32 V                      ; 4.49e-09 V                  ; 2.38 V             ; -0.00552 V         ; 0.096 V                             ; 0.019 V                             ; 4.18e-10 s                 ; 3.59e-10 s                 ; No                        ; Yes                       ;
; LEDR[6]       ; 2.5 V        ; 0 s                 ; 0 s                 ; 2.32 V                       ; 4.49e-09 V                   ; 2.38 V              ; -0.00552 V          ; 0.096 V                              ; 0.019 V                              ; 4.18e-10 s                  ; 3.59e-10 s                  ; No                         ; Yes                        ; 2.32 V                      ; 4.49e-09 V                  ; 2.38 V             ; -0.00552 V         ; 0.096 V                             ; 0.019 V                             ; 4.18e-10 s                 ; 3.59e-10 s                 ; No                        ; Yes                       ;
; LEDR[7]       ; 2.5 V        ; 0 s                 ; 0 s                 ; 2.32 V                       ; 4.49e-09 V                   ; 2.38 V              ; -0.00552 V          ; 0.096 V                              ; 0.019 V                              ; 4.18e-10 s                  ; 3.59e-10 s                  ; No                         ; Yes                        ; 2.32 V                      ; 4.49e-09 V                  ; 2.38 V             ; -0.00552 V         ; 0.096 V                             ; 0.019 V                             ; 4.18e-10 s                 ; 3.59e-10 s                 ; No                        ; Yes                       ;
; LEDG[0]       ; 2.5 V        ; 0 s                 ; 0 s                 ; 2.32 V                       ; 4.49e-09 V                   ; 2.38 V              ; -0.00552 V          ; 0.096 V                              ; 0.019 V                              ; 4.18e-10 s                  ; 3.59e-10 s                  ; No                         ; Yes                        ; 2.32 V                      ; 4.49e-09 V                  ; 2.38 V             ; -0.00552 V         ; 0.096 V                             ; 0.019 V                             ; 4.18e-10 s                 ; 3.59e-10 s                 ; No                        ; Yes                       ;
; LEDG[1]       ; 2.5 V        ; 0 s                 ; 0 s                 ; 2.32 V                       ; 4.49e-09 V                   ; 2.38 V              ; -0.00552 V          ; 0.096 V                              ; 0.019 V                              ; 4.18e-10 s                  ; 3.59e-10 s                  ; No                         ; Yes                        ; 2.32 V                      ; 4.49e-09 V                  ; 2.38 V             ; -0.00552 V         ; 0.096 V                             ; 0.019 V                             ; 4.18e-10 s                 ; 3.59e-10 s                 ; No                        ; Yes                       ;
; LEDG[2]       ; 2.5 V        ; 0 s                 ; 0 s                 ; 2.32 V                       ; 4.49e-09 V                   ; 2.38 V              ; -0.00552 V          ; 0.096 V                              ; 0.019 V                              ; 4.18e-10 s                  ; 3.59e-10 s                  ; No                         ; Yes                        ; 2.32 V                      ; 4.49e-09 V                  ; 2.38 V             ; -0.00552 V         ; 0.096 V                             ; 0.019 V                             ; 4.18e-10 s                 ; 3.59e-10 s                 ; No                        ; Yes                       ;
; LEDG[3]       ; 2.5 V        ; 0 s                 ; 0 s                 ; 2.32 V                       ; 4.49e-09 V                   ; 2.38 V              ; -0.00552 V          ; 0.096 V                              ; 0.019 V                              ; 4.18e-10 s                  ; 3.59e-10 s                  ; No                         ; Yes                        ; 2.32 V                      ; 4.49e-09 V                  ; 2.38 V             ; -0.00552 V         ; 0.096 V                             ; 0.019 V                             ; 4.18e-10 s                 ; 3.59e-10 s                 ; No                        ; Yes                       ;
; HEX0[0]       ; 2.5 V        ; 0 s                 ; 0 s                 ; 2.32 V                       ; 4.49e-09 V                   ; 2.38 V              ; -0.00552 V          ; 0.096 V                              ; 0.019 V                              ; 4.18e-10 s                  ; 3.59e-10 s                  ; No                         ; Yes                        ; 2.32 V                      ; 4.49e-09 V                  ; 2.38 V             ; -0.00552 V         ; 0.096 V                             ; 0.019 V                             ; 4.18e-10 s                 ; 3.59e-10 s                 ; No                        ; Yes                       ;
; HEX0[1]       ; 2.5 V        ; 0 s                 ; 0 s                 ; 2.32 V                       ; 4.49e-09 V                   ; 2.33 V              ; -0.00467 V          ; 0.226 V                              ; 0.087 V                              ; 2.91e-09 s                  ; 2.74e-09 s                  ; Yes                        ; Yes                        ; 2.32 V                      ; 4.49e-09 V                  ; 2.33 V             ; -0.00467 V         ; 0.226 V                             ; 0.087 V                             ; 2.91e-09 s                 ; 2.74e-09 s                 ; Yes                       ; Yes                       ;
; HEX0[2]       ; 2.5 V        ; 0 s                 ; 0 s                 ; 2.32 V                       ; 4.49e-09 V                   ; 2.38 V              ; -0.00552 V          ; 0.096 V                              ; 0.019 V                              ; 4.18e-10 s                  ; 3.59e-10 s                  ; No                         ; Yes                        ; 2.32 V                      ; 4.49e-09 V                  ; 2.38 V             ; -0.00552 V         ; 0.096 V                             ; 0.019 V                             ; 4.18e-10 s                 ; 3.59e-10 s                 ; No                        ; Yes                       ;
; HEX0[3]       ; 2.5 V        ; 0 s                 ; 0 s                 ; 2.32 V                       ; 3.07e-09 V                   ; 2.38 V              ; -0.0144 V           ; 0.227 V                              ; 0.024 V                              ; 3.14e-10 s                  ; 3.39e-10 s                  ; Yes                        ; Yes                        ; 2.32 V                      ; 3.07e-09 V                  ; 2.38 V             ; -0.0144 V          ; 0.227 V                             ; 0.024 V                             ; 3.14e-10 s                 ; 3.39e-10 s                 ; Yes                       ; Yes                       ;
; HEX0[4]       ; 2.5 V        ; 0 s                 ; 0 s                 ; 2.32 V                       ; 3.07e-09 V                   ; 2.38 V              ; -0.0144 V           ; 0.227 V                              ; 0.024 V                              ; 3.14e-10 s                  ; 3.39e-10 s                  ; Yes                        ; Yes                        ; 2.32 V                      ; 3.07e-09 V                  ; 2.38 V             ; -0.0144 V          ; 0.227 V                             ; 0.024 V                             ; 3.14e-10 s                 ; 3.39e-10 s                 ; Yes                       ; Yes                       ;
; HEX0[5]       ; 2.5 V        ; 0 s                 ; 0 s                 ; 2.32 V                       ; 3.07e-09 V                   ; 2.33 V              ; -0.00496 V          ; 0.223 V                              ; 0.086 V                              ; 2.9e-09 s                   ; 2.73e-09 s                  ; Yes                        ; Yes                        ; 2.32 V                      ; 3.07e-09 V                  ; 2.33 V             ; -0.00496 V         ; 0.223 V                             ; 0.086 V                             ; 2.9e-09 s                  ; 2.73e-09 s                 ; Yes                       ; Yes                       ;
; HEX0[6]       ; 2.5 V        ; 0 s                 ; 0 s                 ; 2.32 V                       ; 3.07e-09 V                   ; 2.38 V              ; -0.0144 V           ; 0.227 V                              ; 0.024 V                              ; 3.14e-10 s                  ; 3.39e-10 s                  ; Yes                        ; Yes                        ; 2.32 V                      ; 3.07e-09 V                  ; 2.38 V             ; -0.0144 V          ; 0.227 V                             ; 0.024 V                             ; 3.14e-10 s                 ; 3.39e-10 s                 ; Yes                       ; Yes                       ;
; ~ALTERA_DCLK~ ; 2.5 V        ; 0 s                 ; 0 s                 ; 2.32 V                       ; 2.67e-09 V                   ; 2.38 V              ; -0.0485 V           ; 0.167 V                              ; 0.096 V                              ; 2.95e-10 s                  ; 2.73e-10 s                  ; Yes                        ; Yes                        ; 2.32 V                      ; 2.67e-09 V                  ; 2.38 V             ; -0.0485 V          ; 0.167 V                             ; 0.096 V                             ; 2.95e-10 s                 ; 2.73e-10 s                 ; Yes                       ; Yes                       ;
; ~ALTERA_nCEO~ ; 2.5 V        ; 0 s                 ; 0 s                 ; 2.32 V                       ; 4.18e-09 V                   ; 2.38 V              ; -0.00483 V          ; 0.152 V                              ; 0.012 V                              ; 4.81e-10 s                  ; 6.29e-10 s                  ; Yes                        ; Yes                        ; 2.32 V                      ; 4.18e-09 V                  ; 2.38 V             ; -0.00483 V         ; 0.152 V                             ; 0.012 V                             ; 4.81e-10 s                 ; 6.29e-10 s                 ; Yes                       ; Yes                       ;
+---------------+--------------+---------------------+---------------------+------------------------------+------------------------------+---------------------+---------------------+--------------------------------------+--------------------------------------+-----------------------------+-----------------------------+----------------------------+----------------------------+-----------------------------+-----------------------------+--------------------+--------------------+-------------------------------------+-------------------------------------+----------------------------+----------------------------+---------------------------+---------------------------+


+--------------------------------------------------------------------------------------------------------------------------------------------------------------------------------------------------------------------------------------------------------------------------------------------------------------------------------------------------------------------------------------------------------------------------------------------------------------------------------------------------------------------------------------------------------------------------------------------------------------------------------------------------------------------------------------------+
; Signal Integrity Metrics (Slow 1200mv 85c Model)                                                                                                                                                                                                                                                                                                                                                                                                                                                                                                                                                                                                                                           ;
+---------------+--------------+---------------------+---------------------+------------------------------+------------------------------+---------------------+---------------------+--------------------------------------+--------------------------------------+-----------------------------+-----------------------------+----------------------------+----------------------------+-----------------------------+-----------------------------+--------------------+--------------------+-------------------------------------+-------------------------------------+----------------------------+----------------------------+---------------------------+---------------------------+
; Pin           ; I/O Standard ; Board Delay on Rise ; Board Delay on Fall ; Steady State Voh at FPGA Pin ; Steady State Vol at FPGA Pin ; Voh Max at FPGA Pin ; Vol Min at FPGA Pin ; Ringback Voltage on Rise at FPGA Pin ; Ringback Voltage on Fall at FPGA Pin ; 10-90 Rise Time at FPGA Pin ; 90-10 Fall Time at FPGA Pin ; Monotonic Rise at FPGA Pin ; Monotonic Fall at FPGA Pin ; Steady State Voh at Far-end ; Steady State Vol at Far-end ; Voh Max at Far-end ; Vol Min at Far-end ; Ringback Voltage on Rise at Far-end ; Ringback Voltage on Fall at Far-end ; 10-90 Rise Time at Far-end ; 90-10 Fall Time at Far-end ; Monotonic Rise at Far-end ; Monotonic Fall at Far-end ;
+---------------+--------------+---------------------+---------------------+------------------------------+------------------------------+---------------------+---------------------+--------------------------------------+--------------------------------------+-----------------------------+-----------------------------+----------------------------+----------------------------+-----------------------------+-----------------------------+--------------------+--------------------+-------------------------------------+-------------------------------------+----------------------------+----------------------------+---------------------------+---------------------------+
; LEDR[0]       ; 2.5 V        ; 0 s                 ; 0 s                 ; 2.32 V                       ; 6.92e-07 V                   ; 2.35 V              ; -0.00996 V          ; 0.121 V                              ; 0.03 V                               ; 4.64e-10 s                  ; 4.47e-10 s                  ; Yes                        ; Yes                        ; 2.32 V                      ; 6.92e-07 V                  ; 2.35 V             ; -0.00996 V         ; 0.121 V                             ; 0.03 V                              ; 4.64e-10 s                 ; 4.47e-10 s                 ; Yes                       ; Yes                       ;
; LEDR[1]       ; 2.5 V        ; 0 s                 ; 0 s                 ; 2.32 V                       ; 6.92e-07 V                   ; 2.35 V              ; -0.00996 V          ; 0.121 V                              ; 0.03 V                               ; 4.64e-10 s                  ; 4.47e-10 s                  ; Yes                        ; Yes                        ; 2.32 V                      ; 6.92e-07 V                  ; 2.35 V             ; -0.00996 V         ; 0.121 V                             ; 0.03 V                              ; 4.64e-10 s                 ; 4.47e-10 s                 ; Yes                       ; Yes                       ;
; LEDR[2]       ; 2.5 V        ; 0 s                 ; 0 s                 ; 2.32 V                       ; 6.92e-07 V                   ; 2.35 V              ; -0.00996 V          ; 0.121 V                              ; 0.03 V                               ; 4.64e-10 s                  ; 4.47e-10 s                  ; Yes                        ; Yes                        ; 2.32 V                      ; 6.92e-07 V                  ; 2.35 V             ; -0.00996 V         ; 0.121 V                             ; 0.03 V                              ; 4.64e-10 s                 ; 4.47e-10 s                 ; Yes                       ; Yes                       ;
; LEDR[3]       ; 2.5 V        ; 0 s                 ; 0 s                 ; 2.32 V                       ; 6.92e-07 V                   ; 2.35 V              ; -0.00996 V          ; 0.121 V                              ; 0.03 V                               ; 4.64e-10 s                  ; 4.47e-10 s                  ; Yes                        ; Yes                        ; 2.32 V                      ; 6.92e-07 V                  ; 2.35 V             ; -0.00996 V         ; 0.121 V                             ; 0.03 V                              ; 4.64e-10 s                 ; 4.47e-10 s                 ; Yes                       ; Yes                       ;
; LEDR[4]       ; 2.5 V        ; 0 s                 ; 0 s                 ; 2.32 V                       ; 6.92e-07 V                   ; 2.35 V              ; -0.00996 V          ; 0.121 V                              ; 0.03 V                               ; 4.64e-10 s                  ; 4.47e-10 s                  ; Yes                        ; Yes                        ; 2.32 V                      ; 6.92e-07 V                  ; 2.35 V             ; -0.00996 V         ; 0.121 V                             ; 0.03 V                              ; 4.64e-10 s                 ; 4.47e-10 s                 ; Yes                       ; Yes                       ;
; LEDR[5]       ; 2.5 V        ; 0 s                 ; 0 s                 ; 2.32 V                       ; 6.92e-07 V                   ; 2.35 V              ; -0.00996 V          ; 0.121 V                              ; 0.03 V                               ; 4.64e-10 s                  ; 4.47e-10 s                  ; Yes                        ; Yes                        ; 2.32 V                      ; 6.92e-07 V                  ; 2.35 V             ; -0.00996 V         ; 0.121 V                             ; 0.03 V                              ; 4.64e-10 s                 ; 4.47e-10 s                 ; Yes                       ; Yes                       ;
; LEDR[6]       ; 2.5 V        ; 0 s                 ; 0 s                 ; 2.32 V                       ; 6.92e-07 V                   ; 2.35 V              ; -0.00996 V          ; 0.121 V                              ; 0.03 V                               ; 4.64e-10 s                  ; 4.47e-10 s                  ; Yes                        ; Yes                        ; 2.32 V                      ; 6.92e-07 V                  ; 2.35 V             ; -0.00996 V         ; 0.121 V                             ; 0.03 V                              ; 4.64e-10 s                 ; 4.47e-10 s                 ; Yes                       ; Yes                       ;
; LEDR[7]       ; 2.5 V        ; 0 s                 ; 0 s                 ; 2.32 V                       ; 6.92e-07 V                   ; 2.35 V              ; -0.00996 V          ; 0.121 V                              ; 0.03 V                               ; 4.64e-10 s                  ; 4.47e-10 s                  ; Yes                        ; Yes                        ; 2.32 V                      ; 6.92e-07 V                  ; 2.35 V             ; -0.00996 V         ; 0.121 V                             ; 0.03 V                              ; 4.64e-10 s                 ; 4.47e-10 s                 ; Yes                       ; Yes                       ;
; LEDG[0]       ; 2.5 V        ; 0 s                 ; 0 s                 ; 2.32 V                       ; 6.92e-07 V                   ; 2.35 V              ; -0.00996 V          ; 0.121 V                              ; 0.03 V                               ; 4.64e-10 s                  ; 4.47e-10 s                  ; Yes                        ; Yes                        ; 2.32 V                      ; 6.92e-07 V                  ; 2.35 V             ; -0.00996 V         ; 0.121 V                             ; 0.03 V                              ; 4.64e-10 s                 ; 4.47e-10 s                 ; Yes                       ; Yes                       ;
; LEDG[1]       ; 2.5 V        ; 0 s                 ; 0 s                 ; 2.32 V                       ; 6.92e-07 V                   ; 2.35 V              ; -0.00996 V          ; 0.121 V                              ; 0.03 V                               ; 4.64e-10 s                  ; 4.47e-10 s                  ; Yes                        ; Yes                        ; 2.32 V                      ; 6.92e-07 V                  ; 2.35 V             ; -0.00996 V         ; 0.121 V                             ; 0.03 V                              ; 4.64e-10 s                 ; 4.47e-10 s                 ; Yes                       ; Yes                       ;
; LEDG[2]       ; 2.5 V        ; 0 s                 ; 0 s                 ; 2.32 V                       ; 6.92e-07 V                   ; 2.35 V              ; -0.00996 V          ; 0.121 V                              ; 0.03 V                               ; 4.64e-10 s                  ; 4.47e-10 s                  ; Yes                        ; Yes                        ; 2.32 V                      ; 6.92e-07 V                  ; 2.35 V             ; -0.00996 V         ; 0.121 V                             ; 0.03 V                              ; 4.64e-10 s                 ; 4.47e-10 s                 ; Yes                       ; Yes                       ;
; LEDG[3]       ; 2.5 V        ; 0 s                 ; 0 s                 ; 2.32 V                       ; 6.92e-07 V                   ; 2.35 V              ; -0.00996 V          ; 0.121 V                              ; 0.03 V                               ; 4.64e-10 s                  ; 4.47e-10 s                  ; Yes                        ; Yes                        ; 2.32 V                      ; 6.92e-07 V                  ; 2.35 V             ; -0.00996 V         ; 0.121 V                             ; 0.03 V                              ; 4.64e-10 s                 ; 4.47e-10 s                 ; Yes                       ; Yes                       ;
; HEX0[0]       ; 2.5 V        ; 0 s                 ; 0 s                 ; 2.32 V                       ; 6.92e-07 V                   ; 2.35 V              ; -0.00996 V          ; 0.121 V                              ; 0.03 V                               ; 4.64e-10 s                  ; 4.47e-10 s                  ; Yes                        ; Yes                        ; 2.32 V                      ; 6.92e-07 V                  ; 2.35 V             ; -0.00996 V         ; 0.121 V                             ; 0.03 V                              ; 4.64e-10 s                 ; 4.47e-10 s                 ; Yes                       ; Yes                       ;
; HEX0[1]       ; 2.5 V        ; 0 s                 ; 0 s                 ; 2.32 V                       ; 6.92e-07 V                   ; 2.33 V              ; -0.00265 V          ; 0.133 V                              ; 0.056 V                              ; 3.55e-09 s                  ; 3.31e-09 s                  ; Yes                        ; Yes                        ; 2.32 V                      ; 6.92e-07 V                  ; 2.33 V             ; -0.00265 V         ; 0.133 V                             ; 0.056 V                             ; 3.55e-09 s                 ; 3.31e-09 s                 ; Yes                       ; Yes                       ;
; HEX0[2]       ; 2.5 V        ; 0 s                 ; 0 s                 ; 2.32 V                       ; 6.92e-07 V                   ; 2.35 V              ; -0.00996 V          ; 0.121 V                              ; 0.03 V                               ; 4.64e-10 s                  ; 4.47e-10 s                  ; Yes                        ; Yes                        ; 2.32 V                      ; 6.92e-07 V                  ; 2.35 V             ; -0.00996 V         ; 0.121 V                             ; 0.03 V                              ; 4.64e-10 s                 ; 4.47e-10 s                 ; Yes                       ; Yes                       ;
; HEX0[3]       ; 2.5 V        ; 0 s                 ; 0 s                 ; 2.32 V                       ; 4.67e-07 V                   ; 2.36 V              ; -0.00552 V          ; 0.11 V                               ; 0.007 V                              ; 4.54e-10 s                  ; 4.35e-10 s                  ; Yes                        ; Yes                        ; 2.32 V                      ; 4.67e-07 V                  ; 2.36 V             ; -0.00552 V         ; 0.11 V                              ; 0.007 V                             ; 4.54e-10 s                 ; 4.35e-10 s                 ; Yes                       ; Yes                       ;
; HEX0[4]       ; 2.5 V        ; 0 s                 ; 0 s                 ; 2.32 V                       ; 4.67e-07 V                   ; 2.36 V              ; -0.00552 V          ; 0.11 V                               ; 0.007 V                              ; 4.54e-10 s                  ; 4.35e-10 s                  ; Yes                        ; Yes                        ; 2.32 V                      ; 4.67e-07 V                  ; 2.36 V             ; -0.00552 V         ; 0.11 V                              ; 0.007 V                             ; 4.54e-10 s                 ; 4.35e-10 s                 ; Yes                       ; Yes                       ;
; HEX0[5]       ; 2.5 V        ; 0 s                 ; 0 s                 ; 2.32 V                       ; 4.67e-07 V                   ; 2.33 V              ; -0.00269 V          ; 0.13 V                               ; 0.055 V                              ; 3.54e-09 s                  ; 3.29e-09 s                  ; Yes                        ; Yes                        ; 2.32 V                      ; 4.67e-07 V                  ; 2.33 V             ; -0.00269 V         ; 0.13 V                              ; 0.055 V                             ; 3.54e-09 s                 ; 3.29e-09 s                 ; Yes                       ; Yes                       ;
; HEX0[6]       ; 2.5 V        ; 0 s                 ; 0 s                 ; 2.32 V                       ; 4.67e-07 V                   ; 2.36 V              ; -0.00552 V          ; 0.11 V                               ; 0.007 V                              ; 4.54e-10 s                  ; 4.35e-10 s                  ; Yes                        ; Yes                        ; 2.32 V                      ; 4.67e-07 V                  ; 2.36 V             ; -0.00552 V         ; 0.11 V                              ; 0.007 V                             ; 4.54e-10 s                 ; 4.35e-10 s                 ; Yes                       ; Yes                       ;
; ~ALTERA_DCLK~ ; 2.5 V        ; 0 s                 ; 0 s                 ; 2.32 V                       ; 3.75e-07 V                   ; 2.35 V              ; -0.0109 V           ; 0.084 V                              ; 0.027 V                              ; 4.31e-10 s                  ; 3.61e-10 s                  ; Yes                        ; Yes                        ; 2.32 V                      ; 3.75e-07 V                  ; 2.35 V             ; -0.0109 V          ; 0.084 V                             ; 0.027 V                             ; 4.31e-10 s                 ; 3.61e-10 s                 ; Yes                       ; Yes                       ;
; ~ALTERA_nCEO~ ; 2.5 V        ; 0 s                 ; 0 s                 ; 2.32 V                       ; 6.15e-07 V                   ; 2.35 V              ; -0.00712 V          ; 0.093 V                              ; 0.02 V                               ; 6.21e-10 s                  ; 7.9e-10 s                   ; Yes                        ; Yes                        ; 2.32 V                      ; 6.15e-07 V                  ; 2.35 V             ; -0.00712 V         ; 0.093 V                             ; 0.02 V                              ; 6.21e-10 s                 ; 7.9e-10 s                  ; Yes                       ; Yes                       ;
+---------------+--------------+---------------------+---------------------+------------------------------+------------------------------+---------------------+---------------------+--------------------------------------+--------------------------------------+-----------------------------+-----------------------------+----------------------------+----------------------------+-----------------------------+-----------------------------+--------------------+--------------------+-------------------------------------+-------------------------------------+----------------------------+----------------------------+---------------------------+---------------------------+


+--------------------------------------------------------------------------------------------------------------------------------------------------------------------------------------------------------------------------------------------------------------------------------------------------------------------------------------------------------------------------------------------------------------------------------------------------------------------------------------------------------------------------------------------------------------------------------------------------------------------------------------------------------------------------------------------+
; Signal Integrity Metrics (Fast 1200mv 0c Model)                                                                                                                                                                                                                                                                                                                                                                                                                                                                                                                                                                                                                                            ;
+---------------+--------------+---------------------+---------------------+------------------------------+------------------------------+---------------------+---------------------+--------------------------------------+--------------------------------------+-----------------------------+-----------------------------+----------------------------+----------------------------+-----------------------------+-----------------------------+--------------------+--------------------+-------------------------------------+-------------------------------------+----------------------------+----------------------------+---------------------------+---------------------------+
; Pin           ; I/O Standard ; Board Delay on Rise ; Board Delay on Fall ; Steady State Voh at FPGA Pin ; Steady State Vol at FPGA Pin ; Voh Max at FPGA Pin ; Vol Min at FPGA Pin ; Ringback Voltage on Rise at FPGA Pin ; Ringback Voltage on Fall at FPGA Pin ; 10-90 Rise Time at FPGA Pin ; 90-10 Fall Time at FPGA Pin ; Monotonic Rise at FPGA Pin ; Monotonic Fall at FPGA Pin ; Steady State Voh at Far-end ; Steady State Vol at Far-end ; Voh Max at Far-end ; Vol Min at Far-end ; Ringback Voltage on Rise at Far-end ; Ringback Voltage on Fall at Far-end ; 10-90 Rise Time at Far-end ; 90-10 Fall Time at Far-end ; Monotonic Rise at Far-end ; Monotonic Fall at Far-end ;
+---------------+--------------+---------------------+---------------------+------------------------------+------------------------------+---------------------+---------------------+--------------------------------------+--------------------------------------+-----------------------------+-----------------------------+----------------------------+----------------------------+-----------------------------+-----------------------------+--------------------+--------------------+-------------------------------------+-------------------------------------+----------------------------+----------------------------+---------------------------+---------------------------+
; LEDR[0]       ; 2.5 V        ; 0 s                 ; 0 s                 ; 2.62 V                       ; 4.05e-08 V                   ; 2.72 V              ; -0.0349 V           ; 0.173 V                              ; 0.1 V                                ; 2.72e-10 s                  ; 2.69e-10 s                  ; Yes                        ; Yes                        ; 2.62 V                      ; 4.05e-08 V                  ; 2.72 V             ; -0.0349 V          ; 0.173 V                             ; 0.1 V                               ; 2.72e-10 s                 ; 2.69e-10 s                 ; Yes                       ; Yes                       ;
; LEDR[1]       ; 2.5 V        ; 0 s                 ; 0 s                 ; 2.62 V                       ; 4.05e-08 V                   ; 2.72 V              ; -0.0349 V           ; 0.173 V                              ; 0.1 V                                ; 2.72e-10 s                  ; 2.69e-10 s                  ; Yes                        ; Yes                        ; 2.62 V                      ; 4.05e-08 V                  ; 2.72 V             ; -0.0349 V          ; 0.173 V                             ; 0.1 V                               ; 2.72e-10 s                 ; 2.69e-10 s                 ; Yes                       ; Yes                       ;
; LEDR[2]       ; 2.5 V        ; 0 s                 ; 0 s                 ; 2.62 V                       ; 4.05e-08 V                   ; 2.72 V              ; -0.0349 V           ; 0.173 V                              ; 0.1 V                                ; 2.72e-10 s                  ; 2.69e-10 s                  ; Yes                        ; Yes                        ; 2.62 V                      ; 4.05e-08 V                  ; 2.72 V             ; -0.0349 V          ; 0.173 V                             ; 0.1 V                               ; 2.72e-10 s                 ; 2.69e-10 s                 ; Yes                       ; Yes                       ;
; LEDR[3]       ; 2.5 V        ; 0 s                 ; 0 s                 ; 2.62 V                       ; 4.05e-08 V                   ; 2.72 V              ; -0.0349 V           ; 0.173 V                              ; 0.1 V                                ; 2.72e-10 s                  ; 2.69e-10 s                  ; Yes                        ; Yes                        ; 2.62 V                      ; 4.05e-08 V                  ; 2.72 V             ; -0.0349 V          ; 0.173 V                             ; 0.1 V                               ; 2.72e-10 s                 ; 2.69e-10 s                 ; Yes                       ; Yes                       ;
; LEDR[4]       ; 2.5 V        ; 0 s                 ; 0 s                 ; 2.62 V                       ; 4.05e-08 V                   ; 2.72 V              ; -0.0349 V           ; 0.173 V                              ; 0.1 V                                ; 2.72e-10 s                  ; 2.69e-10 s                  ; Yes                        ; Yes                        ; 2.62 V                      ; 4.05e-08 V                  ; 2.72 V             ; -0.0349 V          ; 0.173 V                             ; 0.1 V                               ; 2.72e-10 s                 ; 2.69e-10 s                 ; Yes                       ; Yes                       ;
; LEDR[5]       ; 2.5 V        ; 0 s                 ; 0 s                 ; 2.62 V                       ; 4.05e-08 V                   ; 2.72 V              ; -0.0349 V           ; 0.173 V                              ; 0.1 V                                ; 2.72e-10 s                  ; 2.69e-10 s                  ; Yes                        ; Yes                        ; 2.62 V                      ; 4.05e-08 V                  ; 2.72 V             ; -0.0349 V          ; 0.173 V                             ; 0.1 V                               ; 2.72e-10 s                 ; 2.69e-10 s                 ; Yes                       ; Yes                       ;
; LEDR[6]       ; 2.5 V        ; 0 s                 ; 0 s                 ; 2.62 V                       ; 4.05e-08 V                   ; 2.72 V              ; -0.0349 V           ; 0.173 V                              ; 0.1 V                                ; 2.72e-10 s                  ; 2.69e-10 s                  ; Yes                        ; Yes                        ; 2.62 V                      ; 4.05e-08 V                  ; 2.72 V             ; -0.0349 V          ; 0.173 V                             ; 0.1 V                               ; 2.72e-10 s                 ; 2.69e-10 s                 ; Yes                       ; Yes                       ;
; LEDR[7]       ; 2.5 V        ; 0 s                 ; 0 s                 ; 2.62 V                       ; 4.05e-08 V                   ; 2.72 V              ; -0.0349 V           ; 0.173 V                              ; 0.1 V                                ; 2.72e-10 s                  ; 2.69e-10 s                  ; Yes                        ; Yes                        ; 2.62 V                      ; 4.05e-08 V                  ; 2.72 V             ; -0.0349 V          ; 0.173 V                             ; 0.1 V                               ; 2.72e-10 s                 ; 2.69e-10 s                 ; Yes                       ; Yes                       ;
; LEDG[0]       ; 2.5 V        ; 0 s                 ; 0 s                 ; 2.62 V                       ; 4.05e-08 V                   ; 2.72 V              ; -0.0349 V           ; 0.173 V                              ; 0.1 V                                ; 2.72e-10 s                  ; 2.69e-10 s                  ; Yes                        ; Yes                        ; 2.62 V                      ; 4.05e-08 V                  ; 2.72 V             ; -0.0349 V          ; 0.173 V                             ; 0.1 V                               ; 2.72e-10 s                 ; 2.69e-10 s                 ; Yes                       ; Yes                       ;
; LEDG[1]       ; 2.5 V        ; 0 s                 ; 0 s                 ; 2.62 V                       ; 4.05e-08 V                   ; 2.72 V              ; -0.0349 V           ; 0.173 V                              ; 0.1 V                                ; 2.72e-10 s                  ; 2.69e-10 s                  ; Yes                        ; Yes                        ; 2.62 V                      ; 4.05e-08 V                  ; 2.72 V             ; -0.0349 V          ; 0.173 V                             ; 0.1 V                               ; 2.72e-10 s                 ; 2.69e-10 s                 ; Yes                       ; Yes                       ;
; LEDG[2]       ; 2.5 V        ; 0 s                 ; 0 s                 ; 2.62 V                       ; 4.05e-08 V                   ; 2.72 V              ; -0.0349 V           ; 0.173 V                              ; 0.1 V                                ; 2.72e-10 s                  ; 2.69e-10 s                  ; Yes                        ; Yes                        ; 2.62 V                      ; 4.05e-08 V                  ; 2.72 V             ; -0.0349 V          ; 0.173 V                             ; 0.1 V                               ; 2.72e-10 s                 ; 2.69e-10 s                 ; Yes                       ; Yes                       ;
; LEDG[3]       ; 2.5 V        ; 0 s                 ; 0 s                 ; 2.62 V                       ; 4.05e-08 V                   ; 2.72 V              ; -0.0349 V           ; 0.173 V                              ; 0.1 V                                ; 2.72e-10 s                  ; 2.69e-10 s                  ; Yes                        ; Yes                        ; 2.62 V                      ; 4.05e-08 V                  ; 2.72 V             ; -0.0349 V          ; 0.173 V                             ; 0.1 V                               ; 2.72e-10 s                 ; 2.69e-10 s                 ; Yes                       ; Yes                       ;
; HEX0[0]       ; 2.5 V        ; 0 s                 ; 0 s                 ; 2.62 V                       ; 4.05e-08 V                   ; 2.72 V              ; -0.0349 V           ; 0.173 V                              ; 0.1 V                                ; 2.72e-10 s                  ; 2.69e-10 s                  ; Yes                        ; Yes                        ; 2.62 V                      ; 4.05e-08 V                  ; 2.72 V             ; -0.0349 V          ; 0.173 V                             ; 0.1 V                               ; 2.72e-10 s                 ; 2.69e-10 s                 ; Yes                       ; Yes                       ;
; HEX0[1]       ; 2.5 V        ; 0 s                 ; 0 s                 ; 2.62 V                       ; 4.05e-08 V                   ; 2.64 V              ; -0.0113 V           ; 0.208 V                              ; 0.179 V                              ; 2.38e-09 s                  ; 2.23e-09 s                  ; No                         ; Yes                        ; 2.62 V                      ; 4.05e-08 V                  ; 2.64 V             ; -0.0113 V          ; 0.208 V                             ; 0.179 V                             ; 2.38e-09 s                 ; 2.23e-09 s                 ; No                        ; Yes                       ;
; HEX0[2]       ; 2.5 V        ; 0 s                 ; 0 s                 ; 2.62 V                       ; 4.05e-08 V                   ; 2.72 V              ; -0.0349 V           ; 0.173 V                              ; 0.1 V                                ; 2.72e-10 s                  ; 2.69e-10 s                  ; Yes                        ; Yes                        ; 2.62 V                      ; 4.05e-08 V                  ; 2.72 V             ; -0.0349 V          ; 0.173 V                             ; 0.1 V                               ; 2.72e-10 s                 ; 2.69e-10 s                 ; Yes                       ; Yes                       ;
; HEX0[3]       ; 2.5 V        ; 0 s                 ; 0 s                 ; 2.62 V                       ; 2.74e-08 V                   ; 2.73 V              ; -0.0384 V           ; 0.169 V                              ; 0.089 V                              ; 2.7e-10 s                   ; 2.62e-10 s                  ; Yes                        ; Yes                        ; 2.62 V                      ; 2.74e-08 V                  ; 2.73 V             ; -0.0384 V          ; 0.169 V                             ; 0.089 V                             ; 2.7e-10 s                  ; 2.62e-10 s                 ; Yes                       ; Yes                       ;
; HEX0[4]       ; 2.5 V        ; 0 s                 ; 0 s                 ; 2.62 V                       ; 2.74e-08 V                   ; 2.73 V              ; -0.0384 V           ; 0.169 V                              ; 0.089 V                              ; 2.7e-10 s                   ; 2.62e-10 s                  ; Yes                        ; Yes                        ; 2.62 V                      ; 2.74e-08 V                  ; 2.73 V             ; -0.0384 V          ; 0.169 V                             ; 0.089 V                             ; 2.7e-10 s                  ; 2.62e-10 s                 ; Yes                       ; Yes                       ;
; HEX0[5]       ; 2.5 V        ; 0 s                 ; 0 s                 ; 2.62 V                       ; 2.74e-08 V                   ; 2.64 V              ; -0.0117 V           ; 0.202 V                              ; 0.176 V                              ; 2.38e-09 s                  ; 2.22e-09 s                  ; No                         ; Yes                        ; 2.62 V                      ; 2.74e-08 V                  ; 2.64 V             ; -0.0117 V          ; 0.202 V                             ; 0.176 V                             ; 2.38e-09 s                 ; 2.22e-09 s                 ; No                        ; Yes                       ;
; HEX0[6]       ; 2.5 V        ; 0 s                 ; 0 s                 ; 2.62 V                       ; 2.74e-08 V                   ; 2.73 V              ; -0.0384 V           ; 0.169 V                              ; 0.089 V                              ; 2.7e-10 s                   ; 2.62e-10 s                  ; Yes                        ; Yes                        ; 2.62 V                      ; 2.74e-08 V                  ; 2.73 V             ; -0.0384 V          ; 0.169 V                             ; 0.089 V                             ; 2.7e-10 s                  ; 2.62e-10 s                 ; Yes                       ; Yes                       ;
; ~ALTERA_DCLK~ ; 2.5 V        ; 0 s                 ; 0 s                 ; 2.62 V                       ; 2.22e-08 V                   ; 2.74 V              ; -0.06 V             ; 0.158 V                              ; 0.08 V                               ; 2.68e-10 s                  ; 2.19e-10 s                  ; Yes                        ; Yes                        ; 2.62 V                      ; 2.22e-08 V                  ; 2.74 V             ; -0.06 V            ; 0.158 V                             ; 0.08 V                              ; 2.68e-10 s                 ; 2.19e-10 s                 ; Yes                       ; Yes                       ;
; ~ALTERA_nCEO~ ; 2.5 V        ; 0 s                 ; 0 s                 ; 2.62 V                       ; 3.54e-08 V                   ; 2.7 V               ; -0.00943 V          ; 0.276 V                              ; 0.035 V                              ; 3.19e-10 s                  ; 4.99e-10 s                  ; No                         ; Yes                        ; 2.62 V                      ; 3.54e-08 V                  ; 2.7 V              ; -0.00943 V         ; 0.276 V                             ; 0.035 V                             ; 3.19e-10 s                 ; 4.99e-10 s                 ; No                        ; Yes                       ;
+---------------+--------------+---------------------+---------------------+------------------------------+------------------------------+---------------------+---------------------+--------------------------------------+--------------------------------------+-----------------------------+-----------------------------+----------------------------+----------------------------+-----------------------------+-----------------------------+--------------------+--------------------+-------------------------------------+-------------------------------------+----------------------------+----------------------------+---------------------------+---------------------------+


+---------------------------------------------------------------------------------------------------------------+
; Setup Transfers                                                                                               ;
+---------------------------------+---------------------------------+----------+----------+----------+----------+
; From Clock                      ; To Clock                        ; RR Paths ; FR Paths ; RF Paths ; FF Paths ;
+---------------------------------+---------------------------------+----------+----------+----------+----------+
; ClkDivider:clk_6s_period|clkOut ; ClkDivider:clk_6s_period|clkOut ; 1        ; 0        ; 0        ; 0        ;
; ClkDivider:clk_6s_period|clkOut ; CLOCK_50                        ; 1        ; 1        ; 0        ; 0        ;
; CLOCK_50                        ; CLOCK_50                        ; 3776     ; 0        ; 0        ; 0        ;
+---------------------------------+---------------------------------+----------+----------+----------+----------+
Entries labeled "false path" only account for clock-to-clock false paths and not path-based false paths. As a result, actual path counts may be lower than reported.


+---------------------------------------------------------------------------------------------------------------+
; Hold Transfers                                                                                                ;
+---------------------------------+---------------------------------+----------+----------+----------+----------+
; From Clock                      ; To Clock                        ; RR Paths ; FR Paths ; RF Paths ; FF Paths ;
+---------------------------------+---------------------------------+----------+----------+----------+----------+
; ClkDivider:clk_6s_period|clkOut ; ClkDivider:clk_6s_period|clkOut ; 1        ; 0        ; 0        ; 0        ;
; ClkDivider:clk_6s_period|clkOut ; CLOCK_50                        ; 1        ; 1        ; 0        ; 0        ;
; CLOCK_50                        ; CLOCK_50                        ; 3776     ; 0        ; 0        ; 0        ;
+---------------------------------+---------------------------------+----------+----------+----------+----------+
Entries labeled "false path" only account for clock-to-clock false paths and not path-based false paths. As a result, actual path counts may be lower than reported.


---------------
; Report TCCS ;
---------------
No dedicated SERDES Transmitter circuitry present in device or used in design


---------------
; Report RSKM ;
---------------
No non-DPA dedicated SERDES Receiver circuitry present in device or used in design


+------------------------------------------------+
; Unconstrained Paths Summary                    ;
+---------------------------------+-------+------+
; Property                        ; Setup ; Hold ;
+---------------------------------+-------+------+
; Illegal Clocks                  ; 0     ; 0    ;
; Unconstrained Clocks            ; 0     ; 0    ;
; Unconstrained Input Ports       ; 2     ; 2    ;
; Unconstrained Input Port Paths  ; 38    ; 38   ;
; Unconstrained Output Ports      ; 18    ; 18   ;
; Unconstrained Output Port Paths ; 288   ; 288  ;
+---------------------------------+-------+------+


+----------------------------------------------------------------------------------------+
; Clock Status Summary                                                                   ;
+---------------------------------+---------------------------------+------+-------------+
; Target                          ; Clock                           ; Type ; Status      ;
+---------------------------------+---------------------------------+------+-------------+
; CLOCK_50                        ; CLOCK_50                        ; Base ; Constrained ;
; ClkDivider:clk_6s_period|clkOut ; ClkDivider:clk_6s_period|clkOut ; Base ; Constrained ;
+---------------------------------+---------------------------------+------+-------------+


+---------------------------------------------------------------------------------------------------+
; Unconstrained Input Ports                                                                         ;
+------------+--------------------------------------------------------------------------------------+
; Input Port ; Comment                                                                              ;
+------------+--------------------------------------------------------------------------------------+
; SW[0]      ; No input delay, min/max delays, false-path exceptions, or max skew assignments found ;
; SW[1]      ; No input delay, min/max delays, false-path exceptions, or max skew assignments found ;
+------------+--------------------------------------------------------------------------------------+


+-----------------------------------------------------------------------------------------------------+
; Unconstrained Output Ports                                                                          ;
+-------------+---------------------------------------------------------------------------------------+
; Output Port ; Comment                                                                               ;
+-------------+---------------------------------------------------------------------------------------+
; HEX0[0]     ; No output delay, min/max delays, false-path exceptions, or max skew assignments found ;
; HEX0[2]     ; No output delay, min/max delays, false-path exceptions, or max skew assignments found ;
; HEX0[3]     ; No output delay, min/max delays, false-path exceptions, or max skew assignments found ;
; HEX0[4]     ; No output delay, min/max delays, false-path exceptions, or max skew assignments found ;
; HEX0[5]     ; No output delay, min/max delays, false-path exceptions, or max skew assignments found ;
; HEX0[6]     ; No output delay, min/max delays, false-path exceptions, or max skew assignments found ;
; LEDG[0]     ; No output delay, min/max delays, false-path exceptions, or max skew assignments found ;
; LEDG[1]     ; No output delay, min/max delays, false-path exceptions, or max skew assignments found ;
; LEDG[2]     ; No output delay, min/max delays, false-path exceptions, or max skew assignments found ;
; LEDG[3]     ; No output delay, min/max delays, false-path exceptions, or max skew assignments found ;
; LEDR[0]     ; No output delay, min/max delays, false-path exceptions, or max skew assignments found ;
; LEDR[1]     ; No output delay, min/max delays, false-path exceptions, or max skew assignments found ;
; LEDR[2]     ; No output delay, min/max delays, false-path exceptions, or max skew assignments found ;
; LEDR[3]     ; No output delay, min/max delays, false-path exceptions, or max skew assignments found ;
; LEDR[4]     ; No output delay, min/max delays, false-path exceptions, or max skew assignments found ;
; LEDR[5]     ; No output delay, min/max delays, false-path exceptions, or max skew assignments found ;
; LEDR[6]     ; No output delay, min/max delays, false-path exceptions, or max skew assignments found ;
; LEDR[7]     ; No output delay, min/max delays, false-path exceptions, or max skew assignments found ;
+-------------+---------------------------------------------------------------------------------------+


+---------------------------------------------------------------------------------------------------+
; Unconstrained Input Ports                                                                         ;
+------------+--------------------------------------------------------------------------------------+
; Input Port ; Comment                                                                              ;
+------------+--------------------------------------------------------------------------------------+
; SW[0]      ; No input delay, min/max delays, false-path exceptions, or max skew assignments found ;
; SW[1]      ; No input delay, min/max delays, false-path exceptions, or max skew assignments found ;
+------------+--------------------------------------------------------------------------------------+


+-----------------------------------------------------------------------------------------------------+
; Unconstrained Output Ports                                                                          ;
+-------------+---------------------------------------------------------------------------------------+
; Output Port ; Comment                                                                               ;
+-------------+---------------------------------------------------------------------------------------+
; HEX0[0]     ; No output delay, min/max delays, false-path exceptions, or max skew assignments found ;
; HEX0[2]     ; No output delay, min/max delays, false-path exceptions, or max skew assignments found ;
; HEX0[3]     ; No output delay, min/max delays, false-path exceptions, or max skew assignments found ;
; HEX0[4]     ; No output delay, min/max delays, false-path exceptions, or max skew assignments found ;
; HEX0[5]     ; No output delay, min/max delays, false-path exceptions, or max skew assignments found ;
; HEX0[6]     ; No output delay, min/max delays, false-path exceptions, or max skew assignments found ;
; LEDG[0]     ; No output delay, min/max delays, false-path exceptions, or max skew assignments found ;
; LEDG[1]     ; No output delay, min/max delays, false-path exceptions, or max skew assignments found ;
; LEDG[2]     ; No output delay, min/max delays, false-path exceptions, or max skew assignments found ;
; LEDG[3]     ; No output delay, min/max delays, false-path exceptions, or max skew assignments found ;
; LEDR[0]     ; No output delay, min/max delays, false-path exceptions, or max skew assignments found ;
; LEDR[1]     ; No output delay, min/max delays, false-path exceptions, or max skew assignments found ;
; LEDR[2]     ; No output delay, min/max delays, false-path exceptions, or max skew assignments found ;
; LEDR[3]     ; No output delay, min/max delays, false-path exceptions, or max skew assignments found ;
; LEDR[4]     ; No output delay, min/max delays, false-path exceptions, or max skew assignments found ;
; LEDR[5]     ; No output delay, min/max delays, false-path exceptions, or max skew assignments found ;
; LEDR[6]     ; No output delay, min/max delays, false-path exceptions, or max skew assignments found ;
; LEDR[7]     ; No output delay, min/max delays, false-path exceptions, or max skew assignments found ;
+-------------+---------------------------------------------------------------------------------------+


+--------------------------+
; Timing Analyzer Messages ;
+--------------------------+
Info: *******************************************************************
Info: Running Quartus Prime Timing Analyzer
    Info: Version 22.1std.2 Build 922 07/20/2023 SC Lite Edition
    Info: Processing started: Tue Apr  8 10:46:03 2025
Info: Command: quartus_sta grinalda -c grinalda
Info: qsta_default_script.tcl version: #1
Warning (18236): Number of processors has not been specified which may cause overloading on shared machines.  Set the global assignment NUM_PARALLEL_PROCESSORS in your QSF to an appropriate value for best performance.
Info (20030): Parallel compilation is enabled and will use 8 of the 8 processors detected
Info (21077): Low junction temperature is 0 degrees C
Info (21077): High junction temperature is 85 degrees C
Critical Warning (332012): Synopsys Design Constraints File file not found: 'grinalda.sdc'. A Synopsys Design Constraints File is required by the Timing Analyzer to get proper timing constraints. Without it, the Compiler will not properly optimize the design.
Info (332142): No user constrained base clocks found in the design. Calling "derive_clocks -period 1.0"
Info (332105): Deriving Clocks
    Info (332105): create_clock -period 1.000 -name CLOCK_50 CLOCK_50
    Info (332105): create_clock -period 1.000 -name ClkDivider:clk_6s_period|clkOut ClkDivider:clk_6s_period|clkOut
Info (332143): No user constrained clock uncertainty found in the design. Calling "derive_clock_uncertainty"
Info (332123): Deriving Clock Uncertainty. Please refer to report_sdc in the Timing Analyzer to see clock uncertainties.
Info: Found TIMING_ANALYZER_REPORT_SCRIPT_INCLUDE_DEFAULT_ANALYSIS = ON
Info: Analyzing Slow 1200mV 85C Model
Critical Warning (332148): Timing requirements not met
    Info (11105): For recommendations on closing timing, run Report Timing Closure Recommendations in the Timing Analyzer.
Info (332146): Worst-case setup slack is -4.467
    Info (332119):     Slack       End Point TNS Clock 
    Info (332119): ========= =================== =====================
    Info (332119):    -4.467            -267.224 CLOCK_50 
    Info (332119):     0.210               0.000 ClkDivider:clk_6s_period|clkOut 
Info (332146): Worst-case hold slack is 0.440
    Info (332119):     Slack       End Point TNS Clock 
    Info (332119): ========= =================== =====================
    Info (332119):     0.440               0.000 ClkDivider:clk_6s_period|clkOut 
    Info (332119):     0.442               0.000 CLOCK_50 
Info (332140): No Recovery paths to report
Info (332140): No Removal paths to report
Info (332146): Worst-case minimum pulse width slack is -3.000
    Info (332119):     Slack       End Point TNS Clock 
    Info (332119): ========= =================== =====================
    Info (332119):    -3.000            -107.085 CLOCK_50 
    Info (332119):    -1.285              -1.285 ClkDivider:clk_6s_period|clkOut 
Info: Analyzing Slow 1200mV 0C Model
Info (334003): Started post-fitting delay annotation
Info (334004): Delay annotation completed successfully
Info (332123): Deriving Clock Uncertainty. Please refer to report_sdc in the Timing Analyzer to see clock uncertainties.
Critical Warning (332148): Timing requirements not met
    Info (11105): For recommendations on closing timing, run Report Timing Closure Recommendations in the Timing Analyzer.
Info (332146): Worst-case setup slack is -4.038
    Info (332119):     Slack       End Point TNS Clock 
    Info (332119): ========= =================== =====================
    Info (332119):    -4.038            -237.781 CLOCK_50 
    Info (332119):     0.297               0.000 ClkDivider:clk_6s_period|clkOut 
Info (332146): Worst-case hold slack is 0.387
    Info (332119):     Slack       End Point TNS Clock 
    Info (332119): ========= =================== =====================
    Info (332119):     0.387               0.000 ClkDivider:clk_6s_period|clkOut 
    Info (332119):     0.401               0.000 CLOCK_50 
Info (332140): No Recovery paths to report
Info (332140): No Removal paths to report
Info (332146): Worst-case minimum pulse width slack is -3.000
    Info (332119):     Slack       End Point TNS Clock 
    Info (332119): ========= =================== =====================
    Info (332119):    -3.000            -107.085 CLOCK_50 
    Info (332119):    -1.285              -1.285 ClkDivider:clk_6s_period|clkOut 
Info: Analyzing Fast 1200mV 0C Model
Info (332123): Deriving Clock Uncertainty. Please refer to report_sdc in the Timing Analyzer to see clock uncertainties.
Critical Warning (332148): Timing requirements not met
    Info (11105): For recommendations on closing timing, run Report Timing Closure Recommendations in the Timing Analyzer.
Info (332146): Worst-case setup slack is -1.736
    Info (332119):     Slack       End Point TNS Clock 
    Info (332119): ========= =================== =====================
    Info (332119):    -1.736             -82.713 CLOCK_50 
    Info (332119):     0.626               0.000 ClkDivider:clk_6s_period|clkOut 
Info (332146): Worst-case hold slack is 0.200
    Info (332119):     Slack       End Point TNS Clock 
    Info (332119): ========= =================== =====================
    Info (332119):     0.200               0.000 CLOCK_50 
    Info (332119):     0.201               0.000 ClkDivider:clk_6s_period|clkOut 
Info (332140): No Recovery paths to report
Info (332140): No Removal paths to report
Info (332146): Worst-case minimum pulse width slack is -3.000
    Info (332119):     Slack       End Point TNS Clock 
    Info (332119): ========= =================== =====================
    Info (332119):    -3.000             -89.151 CLOCK_50 
    Info (332119):    -1.000              -1.000 ClkDivider:clk_6s_period|clkOut 
Info (332102): Design is not fully constrained for setup requirements
Info (332102): Design is not fully constrained for hold requirements
Info: Quartus Prime Timing Analyzer was successful. 0 errors, 5 warnings
    Info: Peak virtual memory: 4934 megabytes
    Info: Processing ended: Tue Apr  8 10:46:05 2025
    Info: Elapsed time: 00:00:02
    Info: Total CPU time (on all processors): 00:00:01


