Timing Analyzer report for projeto
Mon Apr  7 17:49:14 2025
Quartus Prime Version 22.1std.2 Build 922 07/20/2023 SC Lite Edition


---------------------
; Table of Contents ;
---------------------
  1. Legal Notice
  2. Timing Analyzer Summary
  3. Parallel Compilation
  4. Clocks
  5. Slow 1200mV 85C Model Fmax Summary
  6. Timing Closure Recommendations
  7. Slow 1200mV 85C Model Setup Summary
  8. Slow 1200mV 85C Model Hold Summary
  9. Slow 1200mV 85C Model Recovery Summary
 10. Slow 1200mV 85C Model Removal Summary
 11. Slow 1200mV 85C Model Minimum Pulse Width Summary
 12. Slow 1200mV 85C Model Setup: 'CLK'
 13. Slow 1200mV 85C Model Hold: 'CLK'
 14. Slow 1200mV 85C Model Metastability Summary
 15. Slow 1200mV 0C Model Fmax Summary
 16. Slow 1200mV 0C Model Setup Summary
 17. Slow 1200mV 0C Model Hold Summary
 18. Slow 1200mV 0C Model Recovery Summary
 19. Slow 1200mV 0C Model Removal Summary
 20. Slow 1200mV 0C Model Minimum Pulse Width Summary
 21. Slow 1200mV 0C Model Setup: 'CLK'
 22. Slow 1200mV 0C Model Hold: 'CLK'
 23. Slow 1200mV 0C Model Metastability Summary
 24. Fast 1200mV 0C Model Setup Summary
 25. Fast 1200mV 0C Model Hold Summary
 26. Fast 1200mV 0C Model Recovery Summary
 27. Fast 1200mV 0C Model Removal Summary
 28. Fast 1200mV 0C Model Minimum Pulse Width Summary
 29. Fast 1200mV 0C Model Setup: 'CLK'
 30. Fast 1200mV 0C Model Hold: 'CLK'
 31. Fast 1200mV 0C Model Metastability Summary
 32. Multicorner Timing Analysis Summary
 33. Board Trace Model Assignments
 34. Input Transition Times
 35. Signal Integrity Metrics (Slow 1200mv 0c Model)
 36. Signal Integrity Metrics (Slow 1200mv 85c Model)
 37. Signal Integrity Metrics (Fast 1200mv 0c Model)
 38. Setup Transfers
 39. Hold Transfers
 40. Report TCCS
 41. Report RSKM
 42. Unconstrained Paths Summary
 43. Clock Status Summary
 44. Unconstrained Input Ports
 45. Unconstrained Output Ports
 46. Unconstrained Input Ports
 47. Unconstrained Output Ports
 48. Timing Analyzer Messages



----------------
; Legal Notice ;
----------------
Copyright (C) 2023  Intel Corporation. All rights reserved.
Your use of Intel Corporation's design tools, logic functions 
and other software and tools, and any partner logic 
functions, and any output files from any of the foregoing 
(including device programming or simulation files), and any 
associated documentation or information are expressly subject 
to the terms and conditions of the Intel Program License 
Subscription Agreement, the Intel Quartus Prime License Agreement,
the Intel FPGA IP License Agreement, or other applicable license
agreement, including, without limitation, that your use is for
the sole purpose of programming logic devices manufactured by
Intel and sold by Intel or its authorized distributors.  Please
refer to the applicable agreement for further details, at
https://fpgasoftware.intel.com/eula.



+--------------------------------------------------------------------------------+
; Timing Analyzer Summary                                                        ;
+-----------------------+--------------------------------------------------------+
; Quartus Prime Version ; Version 22.1std.2 Build 922 07/20/2023 SC Lite Edition ;
; Timing Analyzer       ; Legacy Timing Analyzer                                 ;
; Revision Name         ; projeto                                                ;
; Device Family         ; Cyclone IV E                                           ;
; Device Name           ; EP4CE115F29C7                                          ;
; Timing Models         ; Final                                                  ;
; Delay Model           ; Combined                                               ;
; Rise/Fall Delays      ; Enabled                                                ;
+-----------------------+--------------------------------------------------------+


+------------------------------------------+
; Parallel Compilation                     ;
+----------------------------+-------------+
; Processors                 ; Number      ;
+----------------------------+-------------+
; Number detected on machine ; 12          ;
; Maximum allowed            ; 8           ;
;                            ;             ;
; Average used               ; 1.03        ;
; Maximum used               ; 8           ;
;                            ;             ;
; Usage by Processor         ; % Time Used ;
;     Processor 1            ; 100.0%      ;
;     Processors 2-8         ;   0.4%      ;
+----------------------------+-------------+


+---------------------------------------------------------------------------------------------------------------------------------------------------------------------------------+
; Clocks                                                                                                                                                                          ;
+------------+------+--------+------------+-------+-------+------------+-----------+-------------+-------+--------+-----------+------------+----------+--------+--------+---------+
; Clock Name ; Type ; Period ; Frequency  ; Rise  ; Fall  ; Duty Cycle ; Divide by ; Multiply by ; Phase ; Offset ; Edge List ; Edge Shift ; Inverted ; Master ; Source ; Targets ;
+------------+------+--------+------------+-------+-------+------------+-----------+-------------+-------+--------+-----------+------------+----------+--------+--------+---------+
; CLK        ; Base ; 1.000  ; 1000.0 MHz ; 0.000 ; 0.500 ;            ;           ;             ;       ;        ;           ;            ;          ;        ;        ; { CLK } ;
+------------+------+--------+------------+-------+-------+------------+-----------+-------------+-------+--------+-----------+------------+----------+--------+--------+---------+


+--------------------------------------------------+
; Slow 1200mV 85C Model Fmax Summary               ;
+------------+-----------------+------------+------+
; Fmax       ; Restricted Fmax ; Clock Name ; Note ;
+------------+-----------------+------------+------+
; 240.04 MHz ; 240.04 MHz      ; CLK        ;      ;
+------------+-----------------+------------+------+
This panel reports FMAX for every clock in the design, regardless of the user-specified clock periods.  FMAX is only computed for paths where the source and destination registers or ports are driven by the same clock.  Paths of different clocks, including generated clocks, are ignored.  For paths between a clock and its inversion, FMAX is computed as if the rising and falling edges are scaled along with FMAX, such that the duty cycle (in terms of a percentage) is maintained. Altera recommends that you always use clock constraints and other slack reports for sign-off analysis.


----------------------------------
; Timing Closure Recommendations ;
----------------------------------
HTML report is unavailable in plain text report export.


+-------------------------------------+
; Slow 1200mV 85C Model Setup Summary ;
+-------+--------+--------------------+
; Clock ; Slack  ; End Point TNS      ;
+-------+--------+--------------------+
; CLK   ; -3.166 ; -78.648            ;
+-------+--------+--------------------+


+------------------------------------+
; Slow 1200mV 85C Model Hold Summary ;
+-------+-------+--------------------+
; Clock ; Slack ; End Point TNS      ;
+-------+-------+--------------------+
; CLK   ; 0.386 ; 0.000              ;
+-------+-------+--------------------+


------------------------------------------
; Slow 1200mV 85C Model Recovery Summary ;
------------------------------------------
No paths to report.


-----------------------------------------
; Slow 1200mV 85C Model Removal Summary ;
-----------------------------------------
No paths to report.


+---------------------------------------------------+
; Slow 1200mV 85C Model Minimum Pulse Width Summary ;
+-------+--------+----------------------------------+
; Clock ; Slack  ; End Point TNS                    ;
+-------+--------+----------------------------------+
; CLK   ; -3.000 ; -36.410                          ;
+-------+--------+----------------------------------+


+------------------------------------------------------------------------------------------------------------------------------------------------------------+
; Slow 1200mV 85C Model Setup: 'CLK'                                                                                                                         ;
+--------+--------------------------------------+--------------------------------------+--------------+-------------+--------------+------------+------------+
; Slack  ; From Node                            ; To Node                              ; Launch Clock ; Latch Clock ; Relationship ; Clock Skew ; Data Delay ;
+--------+--------------------------------------+--------------------------------------+--------------+-------------+--------------+------------+------------+
; -3.166 ; FreqDivider:fd_inst|s_divCounter[0]  ; FreqDivider:fd_inst|s_divCounter[24] ; CLK          ; CLK         ; 1.000        ; 0.333      ; 4.497      ;
; -3.166 ; FreqDivider:fd_inst|s_divCounter[0]  ; FreqDivider:fd_inst|s_divCounter[23] ; CLK          ; CLK         ; 1.000        ; 0.333      ; 4.497      ;
; -3.166 ; FreqDivider:fd_inst|s_divCounter[0]  ; FreqDivider:fd_inst|s_divCounter[22] ; CLK          ; CLK         ; 1.000        ; 0.333      ; 4.497      ;
; -3.166 ; FreqDivider:fd_inst|s_divCounter[0]  ; FreqDivider:fd_inst|s_divCounter[16] ; CLK          ; CLK         ; 1.000        ; 0.333      ; 4.497      ;
; -3.166 ; FreqDivider:fd_inst|s_divCounter[0]  ; FreqDivider:fd_inst|s_divCounter[17] ; CLK          ; CLK         ; 1.000        ; 0.333      ; 4.497      ;
; -3.166 ; FreqDivider:fd_inst|s_divCounter[0]  ; FreqDivider:fd_inst|s_divCounter[18] ; CLK          ; CLK         ; 1.000        ; 0.333      ; 4.497      ;
; -3.166 ; FreqDivider:fd_inst|s_divCounter[0]  ; FreqDivider:fd_inst|s_divCounter[19] ; CLK          ; CLK         ; 1.000        ; 0.333      ; 4.497      ;
; -3.166 ; FreqDivider:fd_inst|s_divCounter[0]  ; FreqDivider:fd_inst|s_divCounter[20] ; CLK          ; CLK         ; 1.000        ; 0.333      ; 4.497      ;
; -3.166 ; FreqDivider:fd_inst|s_divCounter[0]  ; FreqDivider:fd_inst|s_divCounter[21] ; CLK          ; CLK         ; 1.000        ; 0.333      ; 4.497      ;
; -3.153 ; FreqDivider:fd_inst|s_divCounter[9]  ; FreqDivider:fd_inst|s_divCounter[24] ; CLK          ; CLK         ; 1.000        ; 0.333      ; 4.484      ;
; -3.153 ; FreqDivider:fd_inst|s_divCounter[9]  ; FreqDivider:fd_inst|s_divCounter[23] ; CLK          ; CLK         ; 1.000        ; 0.333      ; 4.484      ;
; -3.153 ; FreqDivider:fd_inst|s_divCounter[9]  ; FreqDivider:fd_inst|s_divCounter[22] ; CLK          ; CLK         ; 1.000        ; 0.333      ; 4.484      ;
; -3.153 ; FreqDivider:fd_inst|s_divCounter[9]  ; FreqDivider:fd_inst|s_divCounter[16] ; CLK          ; CLK         ; 1.000        ; 0.333      ; 4.484      ;
; -3.153 ; FreqDivider:fd_inst|s_divCounter[9]  ; FreqDivider:fd_inst|s_divCounter[17] ; CLK          ; CLK         ; 1.000        ; 0.333      ; 4.484      ;
; -3.153 ; FreqDivider:fd_inst|s_divCounter[9]  ; FreqDivider:fd_inst|s_divCounter[18] ; CLK          ; CLK         ; 1.000        ; 0.333      ; 4.484      ;
; -3.153 ; FreqDivider:fd_inst|s_divCounter[9]  ; FreqDivider:fd_inst|s_divCounter[19] ; CLK          ; CLK         ; 1.000        ; 0.333      ; 4.484      ;
; -3.153 ; FreqDivider:fd_inst|s_divCounter[9]  ; FreqDivider:fd_inst|s_divCounter[20] ; CLK          ; CLK         ; 1.000        ; 0.333      ; 4.484      ;
; -3.153 ; FreqDivider:fd_inst|s_divCounter[9]  ; FreqDivider:fd_inst|s_divCounter[21] ; CLK          ; CLK         ; 1.000        ; 0.333      ; 4.484      ;
; -3.100 ; FreqDivider:fd_inst|s_divCounter[0]  ; FreqDivider:fd_inst|s_divCounter[0]  ; CLK          ; CLK         ; 1.000        ; -0.080     ; 4.018      ;
; -3.100 ; FreqDivider:fd_inst|s_divCounter[0]  ; FreqDivider:fd_inst|s_divCounter[1]  ; CLK          ; CLK         ; 1.000        ; -0.080     ; 4.018      ;
; -3.100 ; FreqDivider:fd_inst|s_divCounter[0]  ; FreqDivider:fd_inst|s_divCounter[2]  ; CLK          ; CLK         ; 1.000        ; -0.080     ; 4.018      ;
; -3.100 ; FreqDivider:fd_inst|s_divCounter[0]  ; FreqDivider:fd_inst|s_divCounter[3]  ; CLK          ; CLK         ; 1.000        ; -0.080     ; 4.018      ;
; -3.100 ; FreqDivider:fd_inst|s_divCounter[0]  ; FreqDivider:fd_inst|s_divCounter[6]  ; CLK          ; CLK         ; 1.000        ; -0.080     ; 4.018      ;
; -3.100 ; FreqDivider:fd_inst|s_divCounter[0]  ; FreqDivider:fd_inst|s_divCounter[7]  ; CLK          ; CLK         ; 1.000        ; -0.080     ; 4.018      ;
; -3.100 ; FreqDivider:fd_inst|s_divCounter[0]  ; FreqDivider:fd_inst|s_divCounter[8]  ; CLK          ; CLK         ; 1.000        ; -0.080     ; 4.018      ;
; -3.100 ; FreqDivider:fd_inst|s_divCounter[0]  ; FreqDivider:fd_inst|s_divCounter[9]  ; CLK          ; CLK         ; 1.000        ; -0.080     ; 4.018      ;
; -3.100 ; FreqDivider:fd_inst|s_divCounter[0]  ; FreqDivider:fd_inst|s_divCounter[11] ; CLK          ; CLK         ; 1.000        ; -0.080     ; 4.018      ;
; -3.087 ; FreqDivider:fd_inst|s_divCounter[9]  ; FreqDivider:fd_inst|s_divCounter[0]  ; CLK          ; CLK         ; 1.000        ; -0.080     ; 4.005      ;
; -3.087 ; FreqDivider:fd_inst|s_divCounter[9]  ; FreqDivider:fd_inst|s_divCounter[1]  ; CLK          ; CLK         ; 1.000        ; -0.080     ; 4.005      ;
; -3.087 ; FreqDivider:fd_inst|s_divCounter[9]  ; FreqDivider:fd_inst|s_divCounter[2]  ; CLK          ; CLK         ; 1.000        ; -0.080     ; 4.005      ;
; -3.087 ; FreqDivider:fd_inst|s_divCounter[9]  ; FreqDivider:fd_inst|s_divCounter[3]  ; CLK          ; CLK         ; 1.000        ; -0.080     ; 4.005      ;
; -3.087 ; FreqDivider:fd_inst|s_divCounter[9]  ; FreqDivider:fd_inst|s_divCounter[6]  ; CLK          ; CLK         ; 1.000        ; -0.080     ; 4.005      ;
; -3.087 ; FreqDivider:fd_inst|s_divCounter[9]  ; FreqDivider:fd_inst|s_divCounter[7]  ; CLK          ; CLK         ; 1.000        ; -0.080     ; 4.005      ;
; -3.087 ; FreqDivider:fd_inst|s_divCounter[9]  ; FreqDivider:fd_inst|s_divCounter[8]  ; CLK          ; CLK         ; 1.000        ; -0.080     ; 4.005      ;
; -3.087 ; FreqDivider:fd_inst|s_divCounter[9]  ; FreqDivider:fd_inst|s_divCounter[9]  ; CLK          ; CLK         ; 1.000        ; -0.080     ; 4.005      ;
; -3.087 ; FreqDivider:fd_inst|s_divCounter[9]  ; FreqDivider:fd_inst|s_divCounter[11] ; CLK          ; CLK         ; 1.000        ; -0.080     ; 4.005      ;
; -2.999 ; FreqDivider:fd_inst|s_divCounter[2]  ; FreqDivider:fd_inst|s_divCounter[24] ; CLK          ; CLK         ; 1.000        ; 0.333      ; 4.330      ;
; -2.999 ; FreqDivider:fd_inst|s_divCounter[2]  ; FreqDivider:fd_inst|s_divCounter[23] ; CLK          ; CLK         ; 1.000        ; 0.333      ; 4.330      ;
; -2.999 ; FreqDivider:fd_inst|s_divCounter[2]  ; FreqDivider:fd_inst|s_divCounter[22] ; CLK          ; CLK         ; 1.000        ; 0.333      ; 4.330      ;
; -2.999 ; FreqDivider:fd_inst|s_divCounter[2]  ; FreqDivider:fd_inst|s_divCounter[16] ; CLK          ; CLK         ; 1.000        ; 0.333      ; 4.330      ;
; -2.999 ; FreqDivider:fd_inst|s_divCounter[2]  ; FreqDivider:fd_inst|s_divCounter[17] ; CLK          ; CLK         ; 1.000        ; 0.333      ; 4.330      ;
; -2.999 ; FreqDivider:fd_inst|s_divCounter[2]  ; FreqDivider:fd_inst|s_divCounter[18] ; CLK          ; CLK         ; 1.000        ; 0.333      ; 4.330      ;
; -2.999 ; FreqDivider:fd_inst|s_divCounter[2]  ; FreqDivider:fd_inst|s_divCounter[19] ; CLK          ; CLK         ; 1.000        ; 0.333      ; 4.330      ;
; -2.999 ; FreqDivider:fd_inst|s_divCounter[2]  ; FreqDivider:fd_inst|s_divCounter[20] ; CLK          ; CLK         ; 1.000        ; 0.333      ; 4.330      ;
; -2.999 ; FreqDivider:fd_inst|s_divCounter[2]  ; FreqDivider:fd_inst|s_divCounter[21] ; CLK          ; CLK         ; 1.000        ; 0.333      ; 4.330      ;
; -2.968 ; FreqDivider:fd_inst|s_divCounter[1]  ; FreqDivider:fd_inst|s_divCounter[24] ; CLK          ; CLK         ; 1.000        ; 0.333      ; 4.299      ;
; -2.968 ; FreqDivider:fd_inst|s_divCounter[1]  ; FreqDivider:fd_inst|s_divCounter[23] ; CLK          ; CLK         ; 1.000        ; 0.333      ; 4.299      ;
; -2.968 ; FreqDivider:fd_inst|s_divCounter[1]  ; FreqDivider:fd_inst|s_divCounter[22] ; CLK          ; CLK         ; 1.000        ; 0.333      ; 4.299      ;
; -2.968 ; FreqDivider:fd_inst|s_divCounter[1]  ; FreqDivider:fd_inst|s_divCounter[16] ; CLK          ; CLK         ; 1.000        ; 0.333      ; 4.299      ;
; -2.968 ; FreqDivider:fd_inst|s_divCounter[1]  ; FreqDivider:fd_inst|s_divCounter[17] ; CLK          ; CLK         ; 1.000        ; 0.333      ; 4.299      ;
; -2.968 ; FreqDivider:fd_inst|s_divCounter[1]  ; FreqDivider:fd_inst|s_divCounter[18] ; CLK          ; CLK         ; 1.000        ; 0.333      ; 4.299      ;
; -2.968 ; FreqDivider:fd_inst|s_divCounter[1]  ; FreqDivider:fd_inst|s_divCounter[19] ; CLK          ; CLK         ; 1.000        ; 0.333      ; 4.299      ;
; -2.968 ; FreqDivider:fd_inst|s_divCounter[1]  ; FreqDivider:fd_inst|s_divCounter[20] ; CLK          ; CLK         ; 1.000        ; 0.333      ; 4.299      ;
; -2.968 ; FreqDivider:fd_inst|s_divCounter[1]  ; FreqDivider:fd_inst|s_divCounter[21] ; CLK          ; CLK         ; 1.000        ; 0.333      ; 4.299      ;
; -2.960 ; FreqDivider:fd_inst|s_divCounter[8]  ; FreqDivider:fd_inst|s_divCounter[24] ; CLK          ; CLK         ; 1.000        ; 0.333      ; 4.291      ;
; -2.960 ; FreqDivider:fd_inst|s_divCounter[8]  ; FreqDivider:fd_inst|s_divCounter[23] ; CLK          ; CLK         ; 1.000        ; 0.333      ; 4.291      ;
; -2.960 ; FreqDivider:fd_inst|s_divCounter[8]  ; FreqDivider:fd_inst|s_divCounter[22] ; CLK          ; CLK         ; 1.000        ; 0.333      ; 4.291      ;
; -2.960 ; FreqDivider:fd_inst|s_divCounter[8]  ; FreqDivider:fd_inst|s_divCounter[16] ; CLK          ; CLK         ; 1.000        ; 0.333      ; 4.291      ;
; -2.960 ; FreqDivider:fd_inst|s_divCounter[8]  ; FreqDivider:fd_inst|s_divCounter[17] ; CLK          ; CLK         ; 1.000        ; 0.333      ; 4.291      ;
; -2.960 ; FreqDivider:fd_inst|s_divCounter[8]  ; FreqDivider:fd_inst|s_divCounter[18] ; CLK          ; CLK         ; 1.000        ; 0.333      ; 4.291      ;
; -2.960 ; FreqDivider:fd_inst|s_divCounter[8]  ; FreqDivider:fd_inst|s_divCounter[19] ; CLK          ; CLK         ; 1.000        ; 0.333      ; 4.291      ;
; -2.960 ; FreqDivider:fd_inst|s_divCounter[8]  ; FreqDivider:fd_inst|s_divCounter[20] ; CLK          ; CLK         ; 1.000        ; 0.333      ; 4.291      ;
; -2.960 ; FreqDivider:fd_inst|s_divCounter[8]  ; FreqDivider:fd_inst|s_divCounter[21] ; CLK          ; CLK         ; 1.000        ; 0.333      ; 4.291      ;
; -2.944 ; FreqDivider:fd_inst|s_divCounter[13] ; FreqDivider:fd_inst|s_divCounter[24] ; CLK          ; CLK         ; 1.000        ; -0.102     ; 3.840      ;
; -2.944 ; FreqDivider:fd_inst|s_divCounter[13] ; FreqDivider:fd_inst|s_divCounter[23] ; CLK          ; CLK         ; 1.000        ; -0.102     ; 3.840      ;
; -2.944 ; FreqDivider:fd_inst|s_divCounter[13] ; FreqDivider:fd_inst|s_divCounter[22] ; CLK          ; CLK         ; 1.000        ; -0.102     ; 3.840      ;
; -2.944 ; FreqDivider:fd_inst|s_divCounter[13] ; FreqDivider:fd_inst|s_divCounter[16] ; CLK          ; CLK         ; 1.000        ; -0.102     ; 3.840      ;
; -2.944 ; FreqDivider:fd_inst|s_divCounter[13] ; FreqDivider:fd_inst|s_divCounter[17] ; CLK          ; CLK         ; 1.000        ; -0.102     ; 3.840      ;
; -2.944 ; FreqDivider:fd_inst|s_divCounter[13] ; FreqDivider:fd_inst|s_divCounter[18] ; CLK          ; CLK         ; 1.000        ; -0.102     ; 3.840      ;
; -2.944 ; FreqDivider:fd_inst|s_divCounter[13] ; FreqDivider:fd_inst|s_divCounter[19] ; CLK          ; CLK         ; 1.000        ; -0.102     ; 3.840      ;
; -2.944 ; FreqDivider:fd_inst|s_divCounter[13] ; FreqDivider:fd_inst|s_divCounter[20] ; CLK          ; CLK         ; 1.000        ; -0.102     ; 3.840      ;
; -2.944 ; FreqDivider:fd_inst|s_divCounter[13] ; FreqDivider:fd_inst|s_divCounter[21] ; CLK          ; CLK         ; 1.000        ; -0.102     ; 3.840      ;
; -2.941 ; FreqDivider:fd_inst|s_divCounter[12] ; FreqDivider:fd_inst|s_divCounter[24] ; CLK          ; CLK         ; 1.000        ; -0.102     ; 3.837      ;
; -2.941 ; FreqDivider:fd_inst|s_divCounter[12] ; FreqDivider:fd_inst|s_divCounter[23] ; CLK          ; CLK         ; 1.000        ; -0.102     ; 3.837      ;
; -2.941 ; FreqDivider:fd_inst|s_divCounter[12] ; FreqDivider:fd_inst|s_divCounter[22] ; CLK          ; CLK         ; 1.000        ; -0.102     ; 3.837      ;
; -2.941 ; FreqDivider:fd_inst|s_divCounter[12] ; FreqDivider:fd_inst|s_divCounter[16] ; CLK          ; CLK         ; 1.000        ; -0.102     ; 3.837      ;
; -2.941 ; FreqDivider:fd_inst|s_divCounter[12] ; FreqDivider:fd_inst|s_divCounter[17] ; CLK          ; CLK         ; 1.000        ; -0.102     ; 3.837      ;
; -2.941 ; FreqDivider:fd_inst|s_divCounter[12] ; FreqDivider:fd_inst|s_divCounter[18] ; CLK          ; CLK         ; 1.000        ; -0.102     ; 3.837      ;
; -2.941 ; FreqDivider:fd_inst|s_divCounter[12] ; FreqDivider:fd_inst|s_divCounter[19] ; CLK          ; CLK         ; 1.000        ; -0.102     ; 3.837      ;
; -2.941 ; FreqDivider:fd_inst|s_divCounter[12] ; FreqDivider:fd_inst|s_divCounter[20] ; CLK          ; CLK         ; 1.000        ; -0.102     ; 3.837      ;
; -2.941 ; FreqDivider:fd_inst|s_divCounter[12] ; FreqDivider:fd_inst|s_divCounter[21] ; CLK          ; CLK         ; 1.000        ; -0.102     ; 3.837      ;
; -2.933 ; FreqDivider:fd_inst|s_divCounter[2]  ; FreqDivider:fd_inst|s_divCounter[0]  ; CLK          ; CLK         ; 1.000        ; -0.080     ; 3.851      ;
; -2.933 ; FreqDivider:fd_inst|s_divCounter[2]  ; FreqDivider:fd_inst|s_divCounter[1]  ; CLK          ; CLK         ; 1.000        ; -0.080     ; 3.851      ;
; -2.933 ; FreqDivider:fd_inst|s_divCounter[2]  ; FreqDivider:fd_inst|s_divCounter[2]  ; CLK          ; CLK         ; 1.000        ; -0.080     ; 3.851      ;
; -2.933 ; FreqDivider:fd_inst|s_divCounter[2]  ; FreqDivider:fd_inst|s_divCounter[3]  ; CLK          ; CLK         ; 1.000        ; -0.080     ; 3.851      ;
; -2.933 ; FreqDivider:fd_inst|s_divCounter[2]  ; FreqDivider:fd_inst|s_divCounter[6]  ; CLK          ; CLK         ; 1.000        ; -0.080     ; 3.851      ;
; -2.933 ; FreqDivider:fd_inst|s_divCounter[2]  ; FreqDivider:fd_inst|s_divCounter[7]  ; CLK          ; CLK         ; 1.000        ; -0.080     ; 3.851      ;
; -2.933 ; FreqDivider:fd_inst|s_divCounter[2]  ; FreqDivider:fd_inst|s_divCounter[8]  ; CLK          ; CLK         ; 1.000        ; -0.080     ; 3.851      ;
; -2.933 ; FreqDivider:fd_inst|s_divCounter[2]  ; FreqDivider:fd_inst|s_divCounter[9]  ; CLK          ; CLK         ; 1.000        ; -0.080     ; 3.851      ;
; -2.933 ; FreqDivider:fd_inst|s_divCounter[2]  ; FreqDivider:fd_inst|s_divCounter[11] ; CLK          ; CLK         ; 1.000        ; -0.080     ; 3.851      ;
; -2.909 ; FreqDivider:fd_inst|s_divCounter[3]  ; FreqDivider:fd_inst|s_divCounter[24] ; CLK          ; CLK         ; 1.000        ; 0.333      ; 4.240      ;
; -2.909 ; FreqDivider:fd_inst|s_divCounter[3]  ; FreqDivider:fd_inst|s_divCounter[23] ; CLK          ; CLK         ; 1.000        ; 0.333      ; 4.240      ;
; -2.909 ; FreqDivider:fd_inst|s_divCounter[3]  ; FreqDivider:fd_inst|s_divCounter[22] ; CLK          ; CLK         ; 1.000        ; 0.333      ; 4.240      ;
; -2.909 ; FreqDivider:fd_inst|s_divCounter[3]  ; FreqDivider:fd_inst|s_divCounter[16] ; CLK          ; CLK         ; 1.000        ; 0.333      ; 4.240      ;
; -2.909 ; FreqDivider:fd_inst|s_divCounter[3]  ; FreqDivider:fd_inst|s_divCounter[17] ; CLK          ; CLK         ; 1.000        ; 0.333      ; 4.240      ;
; -2.909 ; FreqDivider:fd_inst|s_divCounter[3]  ; FreqDivider:fd_inst|s_divCounter[18] ; CLK          ; CLK         ; 1.000        ; 0.333      ; 4.240      ;
; -2.909 ; FreqDivider:fd_inst|s_divCounter[3]  ; FreqDivider:fd_inst|s_divCounter[19] ; CLK          ; CLK         ; 1.000        ; 0.333      ; 4.240      ;
; -2.909 ; FreqDivider:fd_inst|s_divCounter[3]  ; FreqDivider:fd_inst|s_divCounter[20] ; CLK          ; CLK         ; 1.000        ; 0.333      ; 4.240      ;
; -2.909 ; FreqDivider:fd_inst|s_divCounter[3]  ; FreqDivider:fd_inst|s_divCounter[21] ; CLK          ; CLK         ; 1.000        ; 0.333      ; 4.240      ;
; -2.902 ; FreqDivider:fd_inst|s_divCounter[1]  ; FreqDivider:fd_inst|s_divCounter[0]  ; CLK          ; CLK         ; 1.000        ; -0.080     ; 3.820      ;
+--------+--------------------------------------+--------------------------------------+--------------+-------------+--------------+------------+------------+


+-----------------------------------------------------------------------------------------------------------------------------------------------------------+
; Slow 1200mV 85C Model Hold: 'CLK'                                                                                                                         ;
+-------+--------------------------------------+--------------------------------------+--------------+-------------+--------------+------------+------------+
; Slack ; From Node                            ; To Node                              ; Launch Clock ; Latch Clock ; Relationship ; Clock Skew ; Data Delay ;
+-------+--------------------------------------+--------------------------------------+--------------+-------------+--------------+------------+------------+
; 0.386 ; FreqDivider:fd_inst|clkOut           ; FreqDivider:fd_inst|clkOut           ; CLK          ; CLK         ; 0.000        ; 0.097      ; 0.669      ;
; 0.448 ; FreqDivider:fd_inst|s_divCounter[24] ; FreqDivider:fd_inst|s_divCounter[24] ; CLK          ; CLK         ; 0.000        ; 0.097      ; 0.731      ;
; 0.543 ; FreqDivider:fd_inst|s_divCounter[9]  ; FreqDivider:fd_inst|s_divCounter[10] ; CLK          ; CLK         ; 0.000        ; 0.510      ; 1.239      ;
; 0.545 ; FreqDivider:fd_inst|s_divCounter[3]  ; FreqDivider:fd_inst|s_divCounter[4]  ; CLK          ; CLK         ; 0.000        ; 0.510      ; 1.241      ;
; 0.628 ; FreqDivider:fd_inst|s_divCounter[18] ; FreqDivider:fd_inst|s_divCounter[18] ; CLK          ; CLK         ; 0.000        ; 0.097      ; 0.911      ;
; 0.629 ; FreqDivider:fd_inst|s_divCounter[19] ; FreqDivider:fd_inst|s_divCounter[19] ; CLK          ; CLK         ; 0.000        ; 0.097      ; 0.912      ;
; 0.629 ; FreqDivider:fd_inst|s_divCounter[21] ; FreqDivider:fd_inst|s_divCounter[21] ; CLK          ; CLK         ; 0.000        ; 0.097      ; 0.912      ;
; 0.631 ; FreqDivider:fd_inst|s_divCounter[20] ; FreqDivider:fd_inst|s_divCounter[20] ; CLK          ; CLK         ; 0.000        ; 0.097      ; 0.914      ;
; 0.640 ; FreqDivider:fd_inst|s_divCounter[23] ; FreqDivider:fd_inst|s_divCounter[23] ; CLK          ; CLK         ; 0.000        ; 0.097      ; 0.923      ;
; 0.647 ; FreqDivider:fd_inst|s_divCounter[17] ; FreqDivider:fd_inst|s_divCounter[17] ; CLK          ; CLK         ; 0.000        ; 0.097      ; 0.930      ;
; 0.649 ; FreqDivider:fd_inst|s_divCounter[5]  ; FreqDivider:fd_inst|s_divCounter[5]  ; CLK          ; CLK         ; 0.000        ; 0.097      ; 0.932      ;
; 0.652 ; FreqDivider:fd_inst|s_divCounter[16] ; FreqDivider:fd_inst|s_divCounter[16] ; CLK          ; CLK         ; 0.000        ; 0.097      ; 0.935      ;
; 0.654 ; FreqDivider:fd_inst|s_divCounter[22] ; FreqDivider:fd_inst|s_divCounter[22] ; CLK          ; CLK         ; 0.000        ; 0.097      ; 0.937      ;
; 0.655 ; FreqDivider:fd_inst|s_divCounter[1]  ; FreqDivider:fd_inst|s_divCounter[1]  ; CLK          ; CLK         ; 0.000        ; 0.080      ; 0.921      ;
; 0.655 ; FreqDivider:fd_inst|s_divCounter[9]  ; FreqDivider:fd_inst|s_divCounter[9]  ; CLK          ; CLK         ; 0.000        ; 0.080      ; 0.921      ;
; 0.655 ; FreqDivider:fd_inst|s_divCounter[11] ; FreqDivider:fd_inst|s_divCounter[11] ; CLK          ; CLK         ; 0.000        ; 0.080      ; 0.921      ;
; 0.656 ; FreqDivider:fd_inst|s_divCounter[7]  ; FreqDivider:fd_inst|s_divCounter[7]  ; CLK          ; CLK         ; 0.000        ; 0.080      ; 0.922      ;
; 0.658 ; FreqDivider:fd_inst|s_divCounter[3]  ; FreqDivider:fd_inst|s_divCounter[3]  ; CLK          ; CLK         ; 0.000        ; 0.080      ; 0.924      ;
; 0.661 ; FreqDivider:fd_inst|s_divCounter[6]  ; FreqDivider:fd_inst|s_divCounter[6]  ; CLK          ; CLK         ; 0.000        ; 0.080      ; 0.927      ;
; 0.666 ; FreqDivider:fd_inst|s_divCounter[3]  ; FreqDivider:fd_inst|s_divCounter[5]  ; CLK          ; CLK         ; 0.000        ; 0.510      ; 1.362      ;
; 0.667 ; FreqDivider:fd_inst|s_divCounter[4]  ; FreqDivider:fd_inst|s_divCounter[4]  ; CLK          ; CLK         ; 0.000        ; 0.097      ; 0.950      ;
; 0.669 ; FreqDivider:fd_inst|s_divCounter[1]  ; FreqDivider:fd_inst|s_divCounter[4]  ; CLK          ; CLK         ; 0.000        ; 0.510      ; 1.365      ;
; 0.670 ; FreqDivider:fd_inst|s_divCounter[7]  ; FreqDivider:fd_inst|s_divCounter[10] ; CLK          ; CLK         ; 0.000        ; 0.510      ; 1.366      ;
; 0.684 ; FreqDivider:fd_inst|s_divCounter[0]  ; FreqDivider:fd_inst|s_divCounter[0]  ; CLK          ; CLK         ; 0.000        ; 0.080      ; 0.950      ;
; 0.689 ; FreqDivider:fd_inst|s_divCounter[0]  ; FreqDivider:fd_inst|s_divCounter[4]  ; CLK          ; CLK         ; 0.000        ; 0.510      ; 1.385      ;
; 0.689 ; FreqDivider:fd_inst|s_divCounter[6]  ; FreqDivider:fd_inst|s_divCounter[10] ; CLK          ; CLK         ; 0.000        ; 0.510      ; 1.385      ;
; 0.708 ; FreqDivider:fd_inst|s_divCounter[2]  ; FreqDivider:fd_inst|s_divCounter[4]  ; CLK          ; CLK         ; 0.000        ; 0.510      ; 1.404      ;
; 0.710 ; FreqDivider:fd_inst|s_divCounter[8]  ; FreqDivider:fd_inst|s_divCounter[10] ; CLK          ; CLK         ; 0.000        ; 0.510      ; 1.406      ;
; 0.790 ; FreqDivider:fd_inst|s_divCounter[1]  ; FreqDivider:fd_inst|s_divCounter[5]  ; CLK          ; CLK         ; 0.000        ; 0.510      ; 1.486      ;
; 0.795 ; FreqDivider:fd_inst|s_divCounter[11] ; FreqDivider:fd_inst|s_divCounter[16] ; CLK          ; CLK         ; 0.000        ; 0.510      ; 1.491      ;
; 0.799 ; FreqDivider:fd_inst|s_divCounter[10] ; FreqDivider:fd_inst|s_divCounter[10] ; CLK          ; CLK         ; 0.000        ; 0.097      ; 1.082      ;
; 0.806 ; FreqDivider:fd_inst|s_divCounter[2]  ; FreqDivider:fd_inst|s_divCounter[2]  ; CLK          ; CLK         ; 0.000        ; 0.080      ; 1.072      ;
; 0.808 ; FreqDivider:fd_inst|s_divCounter[8]  ; FreqDivider:fd_inst|s_divCounter[8]  ; CLK          ; CLK         ; 0.000        ; 0.080      ; 1.074      ;
; 0.810 ; FreqDivider:fd_inst|s_divCounter[0]  ; FreqDivider:fd_inst|s_divCounter[5]  ; CLK          ; CLK         ; 0.000        ; 0.510      ; 1.506      ;
; 0.829 ; FreqDivider:fd_inst|s_divCounter[2]  ; FreqDivider:fd_inst|s_divCounter[5]  ; CLK          ; CLK         ; 0.000        ; 0.510      ; 1.525      ;
; 0.916 ; FreqDivider:fd_inst|s_divCounter[11] ; FreqDivider:fd_inst|s_divCounter[17] ; CLK          ; CLK         ; 0.000        ; 0.510      ; 1.612      ;
; 0.921 ; FreqDivider:fd_inst|s_divCounter[11] ; FreqDivider:fd_inst|s_divCounter[18] ; CLK          ; CLK         ; 0.000        ; 0.510      ; 1.617      ;
; 0.921 ; FreqDivider:fd_inst|s_divCounter[9]  ; FreqDivider:fd_inst|s_divCounter[16] ; CLK          ; CLK         ; 0.000        ; 0.510      ; 1.617      ;
; 0.923 ; FreqDivider:fd_inst|s_divCounter[3]  ; FreqDivider:fd_inst|s_divCounter[10] ; CLK          ; CLK         ; 0.000        ; 0.510      ; 1.619      ;
; 0.946 ; FreqDivider:fd_inst|s_divCounter[19] ; FreqDivider:fd_inst|s_divCounter[20] ; CLK          ; CLK         ; 0.000        ; 0.097      ; 1.229      ;
; 0.946 ; FreqDivider:fd_inst|s_divCounter[21] ; FreqDivider:fd_inst|s_divCounter[22] ; CLK          ; CLK         ; 0.000        ; 0.097      ; 1.229      ;
; 0.955 ; FreqDivider:fd_inst|s_divCounter[18] ; FreqDivider:fd_inst|s_divCounter[19] ; CLK          ; CLK         ; 0.000        ; 0.097      ; 1.238      ;
; 0.958 ; FreqDivider:fd_inst|s_divCounter[23] ; FreqDivider:fd_inst|s_divCounter[24] ; CLK          ; CLK         ; 0.000        ; 0.097      ; 1.241      ;
; 0.958 ; FreqDivider:fd_inst|s_divCounter[20] ; FreqDivider:fd_inst|s_divCounter[21] ; CLK          ; CLK         ; 0.000        ; 0.097      ; 1.241      ;
; 0.960 ; FreqDivider:fd_inst|s_divCounter[18] ; FreqDivider:fd_inst|s_divCounter[20] ; CLK          ; CLK         ; 0.000        ; 0.097      ; 1.243      ;
; 0.963 ; FreqDivider:fd_inst|s_divCounter[20] ; FreqDivider:fd_inst|s_divCounter[22] ; CLK          ; CLK         ; 0.000        ; 0.097      ; 1.246      ;
; 0.965 ; FreqDivider:fd_inst|s_divCounter[17] ; FreqDivider:fd_inst|s_divCounter[18] ; CLK          ; CLK         ; 0.000        ; 0.097      ; 1.248      ;
; 0.973 ; FreqDivider:fd_inst|s_divCounter[1]  ; FreqDivider:fd_inst|s_divCounter[2]  ; CLK          ; CLK         ; 0.000        ; 0.080      ; 1.239      ;
; 0.974 ; FreqDivider:fd_inst|s_divCounter[7]  ; FreqDivider:fd_inst|s_divCounter[8]  ; CLK          ; CLK         ; 0.000        ; 0.080      ; 1.240      ;
; 0.979 ; FreqDivider:fd_inst|s_divCounter[16] ; FreqDivider:fd_inst|s_divCounter[17] ; CLK          ; CLK         ; 0.000        ; 0.097      ; 1.262      ;
; 0.981 ; FreqDivider:fd_inst|s_divCounter[22] ; FreqDivider:fd_inst|s_divCounter[23] ; CLK          ; CLK         ; 0.000        ; 0.097      ; 1.264      ;
; 0.984 ; FreqDivider:fd_inst|s_divCounter[16] ; FreqDivider:fd_inst|s_divCounter[18] ; CLK          ; CLK         ; 0.000        ; 0.097      ; 1.267      ;
; 0.986 ; FreqDivider:fd_inst|s_divCounter[22] ; FreqDivider:fd_inst|s_divCounter[24] ; CLK          ; CLK         ; 0.000        ; 0.097      ; 1.269      ;
; 0.988 ; FreqDivider:fd_inst|s_divCounter[0]  ; FreqDivider:fd_inst|s_divCounter[1]  ; CLK          ; CLK         ; 0.000        ; 0.080      ; 1.254      ;
; 0.988 ; FreqDivider:fd_inst|s_divCounter[6]  ; FreqDivider:fd_inst|s_divCounter[7]  ; CLK          ; CLK         ; 0.000        ; 0.080      ; 1.254      ;
; 0.993 ; FreqDivider:fd_inst|s_divCounter[0]  ; FreqDivider:fd_inst|s_divCounter[2]  ; CLK          ; CLK         ; 0.000        ; 0.080      ; 1.259      ;
; 0.993 ; FreqDivider:fd_inst|s_divCounter[6]  ; FreqDivider:fd_inst|s_divCounter[8]  ; CLK          ; CLK         ; 0.000        ; 0.080      ; 1.259      ;
; 0.994 ; FreqDivider:fd_inst|s_divCounter[4]  ; FreqDivider:fd_inst|s_divCounter[5]  ; CLK          ; CLK         ; 0.000        ; 0.097      ; 1.277      ;
; 1.042 ; FreqDivider:fd_inst|s_divCounter[9]  ; FreqDivider:fd_inst|s_divCounter[17] ; CLK          ; CLK         ; 0.000        ; 0.510      ; 1.738      ;
; 1.042 ; FreqDivider:fd_inst|s_divCounter[11] ; FreqDivider:fd_inst|s_divCounter[19] ; CLK          ; CLK         ; 0.000        ; 0.510      ; 1.738      ;
; 1.047 ; FreqDivider:fd_inst|s_divCounter[9]  ; FreqDivider:fd_inst|s_divCounter[18] ; CLK          ; CLK         ; 0.000        ; 0.510      ; 1.743      ;
; 1.047 ; FreqDivider:fd_inst|s_divCounter[1]  ; FreqDivider:fd_inst|s_divCounter[10] ; CLK          ; CLK         ; 0.000        ; 0.510      ; 1.743      ;
; 1.047 ; FreqDivider:fd_inst|s_divCounter[11] ; FreqDivider:fd_inst|s_divCounter[20] ; CLK          ; CLK         ; 0.000        ; 0.510      ; 1.743      ;
; 1.048 ; FreqDivider:fd_inst|s_divCounter[7]  ; FreqDivider:fd_inst|s_divCounter[16] ; CLK          ; CLK         ; 0.000        ; 0.510      ; 1.744      ;
; 1.067 ; FreqDivider:fd_inst|s_divCounter[19] ; FreqDivider:fd_inst|s_divCounter[21] ; CLK          ; CLK         ; 0.000        ; 0.097      ; 1.350      ;
; 1.067 ; FreqDivider:fd_inst|s_divCounter[21] ; FreqDivider:fd_inst|s_divCounter[23] ; CLK          ; CLK         ; 0.000        ; 0.097      ; 1.350      ;
; 1.067 ; FreqDivider:fd_inst|s_divCounter[0]  ; FreqDivider:fd_inst|s_divCounter[10] ; CLK          ; CLK         ; 0.000        ; 0.510      ; 1.763      ;
; 1.067 ; FreqDivider:fd_inst|s_divCounter[6]  ; FreqDivider:fd_inst|s_divCounter[16] ; CLK          ; CLK         ; 0.000        ; 0.510      ; 1.763      ;
; 1.072 ; FreqDivider:fd_inst|s_divCounter[19] ; FreqDivider:fd_inst|s_divCounter[22] ; CLK          ; CLK         ; 0.000        ; 0.097      ; 1.355      ;
; 1.072 ; FreqDivider:fd_inst|s_divCounter[21] ; FreqDivider:fd_inst|s_divCounter[24] ; CLK          ; CLK         ; 0.000        ; 0.097      ; 1.355      ;
; 1.081 ; FreqDivider:fd_inst|s_divCounter[18] ; FreqDivider:fd_inst|s_divCounter[21] ; CLK          ; CLK         ; 0.000        ; 0.097      ; 1.364      ;
; 1.084 ; FreqDivider:fd_inst|s_divCounter[20] ; FreqDivider:fd_inst|s_divCounter[23] ; CLK          ; CLK         ; 0.000        ; 0.097      ; 1.367      ;
; 1.086 ; FreqDivider:fd_inst|s_divCounter[17] ; FreqDivider:fd_inst|s_divCounter[19] ; CLK          ; CLK         ; 0.000        ; 0.097      ; 1.369      ;
; 1.086 ; FreqDivider:fd_inst|s_divCounter[2]  ; FreqDivider:fd_inst|s_divCounter[10] ; CLK          ; CLK         ; 0.000        ; 0.510      ; 1.782      ;
; 1.086 ; FreqDivider:fd_inst|s_divCounter[18] ; FreqDivider:fd_inst|s_divCounter[22] ; CLK          ; CLK         ; 0.000        ; 0.097      ; 1.369      ;
; 1.088 ; FreqDivider:fd_inst|s_divCounter[8]  ; FreqDivider:fd_inst|s_divCounter[16] ; CLK          ; CLK         ; 0.000        ; 0.510      ; 1.784      ;
; 1.089 ; FreqDivider:fd_inst|s_divCounter[20] ; FreqDivider:fd_inst|s_divCounter[24] ; CLK          ; CLK         ; 0.000        ; 0.097      ; 1.372      ;
; 1.091 ; FreqDivider:fd_inst|s_divCounter[17] ; FreqDivider:fd_inst|s_divCounter[20] ; CLK          ; CLK         ; 0.000        ; 0.097      ; 1.374      ;
; 1.094 ; FreqDivider:fd_inst|s_divCounter[9]  ; FreqDivider:fd_inst|s_divCounter[11] ; CLK          ; CLK         ; 0.000        ; 0.080      ; 1.360      ;
; 1.094 ; FreqDivider:fd_inst|s_divCounter[1]  ; FreqDivider:fd_inst|s_divCounter[3]  ; CLK          ; CLK         ; 0.000        ; 0.080      ; 1.360      ;
; 1.095 ; FreqDivider:fd_inst|s_divCounter[7]  ; FreqDivider:fd_inst|s_divCounter[9]  ; CLK          ; CLK         ; 0.000        ; 0.080      ; 1.361      ;
; 1.101 ; FreqDivider:fd_inst|s_divCounter[3]  ; FreqDivider:fd_inst|s_divCounter[6]  ; CLK          ; CLK         ; 0.000        ; 0.080      ; 1.367      ;
; 1.105 ; FreqDivider:fd_inst|s_divCounter[16] ; FreqDivider:fd_inst|s_divCounter[19] ; CLK          ; CLK         ; 0.000        ; 0.097      ; 1.388      ;
; 1.110 ; FreqDivider:fd_inst|s_divCounter[16] ; FreqDivider:fd_inst|s_divCounter[20] ; CLK          ; CLK         ; 0.000        ; 0.097      ; 1.393      ;
; 1.114 ; FreqDivider:fd_inst|s_divCounter[0]  ; FreqDivider:fd_inst|s_divCounter[3]  ; CLK          ; CLK         ; 0.000        ; 0.080      ; 1.380      ;
; 1.114 ; FreqDivider:fd_inst|s_divCounter[6]  ; FreqDivider:fd_inst|s_divCounter[9]  ; CLK          ; CLK         ; 0.000        ; 0.080      ; 1.380      ;
; 1.133 ; FreqDivider:fd_inst|s_divCounter[2]  ; FreqDivider:fd_inst|s_divCounter[3]  ; CLK          ; CLK         ; 0.000        ; 0.080      ; 1.399      ;
; 1.135 ; FreqDivider:fd_inst|s_divCounter[8]  ; FreqDivider:fd_inst|s_divCounter[9]  ; CLK          ; CLK         ; 0.000        ; 0.080      ; 1.401      ;
; 1.168 ; FreqDivider:fd_inst|s_divCounter[9]  ; FreqDivider:fd_inst|s_divCounter[19] ; CLK          ; CLK         ; 0.000        ; 0.510      ; 1.864      ;
; 1.168 ; FreqDivider:fd_inst|s_divCounter[11] ; FreqDivider:fd_inst|s_divCounter[21] ; CLK          ; CLK         ; 0.000        ; 0.510      ; 1.864      ;
; 1.169 ; FreqDivider:fd_inst|s_divCounter[7]  ; FreqDivider:fd_inst|s_divCounter[17] ; CLK          ; CLK         ; 0.000        ; 0.510      ; 1.865      ;
; 1.173 ; FreqDivider:fd_inst|s_divCounter[9]  ; FreqDivider:fd_inst|s_divCounter[20] ; CLK          ; CLK         ; 0.000        ; 0.510      ; 1.869      ;
; 1.173 ; FreqDivider:fd_inst|s_divCounter[11] ; FreqDivider:fd_inst|s_divCounter[22] ; CLK          ; CLK         ; 0.000        ; 0.510      ; 1.869      ;
; 1.174 ; FreqDivider:fd_inst|s_divCounter[7]  ; FreqDivider:fd_inst|s_divCounter[18] ; CLK          ; CLK         ; 0.000        ; 0.510      ; 1.870      ;
; 1.188 ; FreqDivider:fd_inst|s_divCounter[6]  ; FreqDivider:fd_inst|s_divCounter[17] ; CLK          ; CLK         ; 0.000        ; 0.510      ; 1.884      ;
; 1.193 ; FreqDivider:fd_inst|s_divCounter[19] ; FreqDivider:fd_inst|s_divCounter[23] ; CLK          ; CLK         ; 0.000        ; 0.097      ; 1.476      ;
; 1.193 ; FreqDivider:fd_inst|s_divCounter[6]  ; FreqDivider:fd_inst|s_divCounter[18] ; CLK          ; CLK         ; 0.000        ; 0.510      ; 1.889      ;
; 1.198 ; FreqDivider:fd_inst|s_divCounter[19] ; FreqDivider:fd_inst|s_divCounter[24] ; CLK          ; CLK         ; 0.000        ; 0.097      ; 1.481      ;
; 1.207 ; FreqDivider:fd_inst|s_divCounter[18] ; FreqDivider:fd_inst|s_divCounter[23] ; CLK          ; CLK         ; 0.000        ; 0.097      ; 1.490      ;
; 1.209 ; FreqDivider:fd_inst|s_divCounter[8]  ; FreqDivider:fd_inst|s_divCounter[17] ; CLK          ; CLK         ; 0.000        ; 0.510      ; 1.905      ;
+-------+--------------------------------------+--------------------------------------+--------------+-------------+--------------+------------+------------+


-----------------------------------------------
; Slow 1200mV 85C Model Metastability Summary ;
-----------------------------------------------
No synchronizer chains to report.


+----------------------------------------------------------------------------------------------------------+
; Slow 1200mV 0C Model Fmax Summary                                                                        ;
+-----------+-----------------+------------+---------------------------------------------------------------+
; Fmax      ; Restricted Fmax ; Clock Name ; Note                                                          ;
+-----------+-----------------+------------+---------------------------------------------------------------+
; 259.4 MHz ; 250.0 MHz       ; CLK        ; limit due to minimum period restriction (max I/O toggle rate) ;
+-----------+-----------------+------------+---------------------------------------------------------------+
This panel reports FMAX for every clock in the design, regardless of the user-specified clock periods.  FMAX is only computed for paths where the source and destination registers or ports are driven by the same clock.  Paths of different clocks, including generated clocks, are ignored.  For paths between a clock and its inversion, FMAX is computed as if the rising and falling edges are scaled along with FMAX, such that the duty cycle (in terms of a percentage) is maintained. Altera recommends that you always use clock constraints and other slack reports for sign-off analysis.


+------------------------------------+
; Slow 1200mV 0C Model Setup Summary ;
+-------+--------+-------------------+
; Clock ; Slack  ; End Point TNS     ;
+-------+--------+-------------------+
; CLK   ; -2.855 ; -70.668           ;
+-------+--------+-------------------+


+-----------------------------------+
; Slow 1200mV 0C Model Hold Summary ;
+-------+-------+-------------------+
; Clock ; Slack ; End Point TNS     ;
+-------+-------+-------------------+
; CLK   ; 0.339 ; 0.000             ;
+-------+-------+-------------------+


-----------------------------------------
; Slow 1200mV 0C Model Recovery Summary ;
-----------------------------------------
No paths to report.


----------------------------------------
; Slow 1200mV 0C Model Removal Summary ;
----------------------------------------
No paths to report.


+--------------------------------------------------+
; Slow 1200mV 0C Model Minimum Pulse Width Summary ;
+-------+--------+---------------------------------+
; Clock ; Slack  ; End Point TNS                   ;
+-------+--------+---------------------------------+
; CLK   ; -3.000 ; -36.410                         ;
+-------+--------+---------------------------------+


+------------------------------------------------------------------------------------------------------------------------------------------------------------+
; Slow 1200mV 0C Model Setup: 'CLK'                                                                                                                          ;
+--------+--------------------------------------+--------------------------------------+--------------+-------------+--------------+------------+------------+
; Slack  ; From Node                            ; To Node                              ; Launch Clock ; Latch Clock ; Relationship ; Clock Skew ; Data Delay ;
+--------+--------------------------------------+--------------------------------------+--------------+-------------+--------------+------------+------------+
; -2.855 ; FreqDivider:fd_inst|s_divCounter[0]  ; FreqDivider:fd_inst|s_divCounter[24] ; CLK          ; CLK         ; 1.000        ; 0.309      ; 4.163      ;
; -2.855 ; FreqDivider:fd_inst|s_divCounter[0]  ; FreqDivider:fd_inst|s_divCounter[23] ; CLK          ; CLK         ; 1.000        ; 0.309      ; 4.163      ;
; -2.855 ; FreqDivider:fd_inst|s_divCounter[0]  ; FreqDivider:fd_inst|s_divCounter[22] ; CLK          ; CLK         ; 1.000        ; 0.309      ; 4.163      ;
; -2.855 ; FreqDivider:fd_inst|s_divCounter[0]  ; FreqDivider:fd_inst|s_divCounter[16] ; CLK          ; CLK         ; 1.000        ; 0.309      ; 4.163      ;
; -2.855 ; FreqDivider:fd_inst|s_divCounter[0]  ; FreqDivider:fd_inst|s_divCounter[17] ; CLK          ; CLK         ; 1.000        ; 0.309      ; 4.163      ;
; -2.855 ; FreqDivider:fd_inst|s_divCounter[0]  ; FreqDivider:fd_inst|s_divCounter[18] ; CLK          ; CLK         ; 1.000        ; 0.309      ; 4.163      ;
; -2.855 ; FreqDivider:fd_inst|s_divCounter[0]  ; FreqDivider:fd_inst|s_divCounter[19] ; CLK          ; CLK         ; 1.000        ; 0.309      ; 4.163      ;
; -2.855 ; FreqDivider:fd_inst|s_divCounter[0]  ; FreqDivider:fd_inst|s_divCounter[20] ; CLK          ; CLK         ; 1.000        ; 0.309      ; 4.163      ;
; -2.855 ; FreqDivider:fd_inst|s_divCounter[0]  ; FreqDivider:fd_inst|s_divCounter[21] ; CLK          ; CLK         ; 1.000        ; 0.309      ; 4.163      ;
; -2.824 ; FreqDivider:fd_inst|s_divCounter[9]  ; FreqDivider:fd_inst|s_divCounter[24] ; CLK          ; CLK         ; 1.000        ; 0.309      ; 4.132      ;
; -2.824 ; FreqDivider:fd_inst|s_divCounter[9]  ; FreqDivider:fd_inst|s_divCounter[23] ; CLK          ; CLK         ; 1.000        ; 0.309      ; 4.132      ;
; -2.824 ; FreqDivider:fd_inst|s_divCounter[9]  ; FreqDivider:fd_inst|s_divCounter[22] ; CLK          ; CLK         ; 1.000        ; 0.309      ; 4.132      ;
; -2.824 ; FreqDivider:fd_inst|s_divCounter[9]  ; FreqDivider:fd_inst|s_divCounter[16] ; CLK          ; CLK         ; 1.000        ; 0.309      ; 4.132      ;
; -2.824 ; FreqDivider:fd_inst|s_divCounter[9]  ; FreqDivider:fd_inst|s_divCounter[17] ; CLK          ; CLK         ; 1.000        ; 0.309      ; 4.132      ;
; -2.824 ; FreqDivider:fd_inst|s_divCounter[9]  ; FreqDivider:fd_inst|s_divCounter[18] ; CLK          ; CLK         ; 1.000        ; 0.309      ; 4.132      ;
; -2.824 ; FreqDivider:fd_inst|s_divCounter[9]  ; FreqDivider:fd_inst|s_divCounter[19] ; CLK          ; CLK         ; 1.000        ; 0.309      ; 4.132      ;
; -2.824 ; FreqDivider:fd_inst|s_divCounter[9]  ; FreqDivider:fd_inst|s_divCounter[20] ; CLK          ; CLK         ; 1.000        ; 0.309      ; 4.132      ;
; -2.824 ; FreqDivider:fd_inst|s_divCounter[9]  ; FreqDivider:fd_inst|s_divCounter[21] ; CLK          ; CLK         ; 1.000        ; 0.309      ; 4.132      ;
; -2.781 ; FreqDivider:fd_inst|s_divCounter[0]  ; FreqDivider:fd_inst|s_divCounter[0]  ; CLK          ; CLK         ; 1.000        ; -0.072     ; 3.708      ;
; -2.781 ; FreqDivider:fd_inst|s_divCounter[0]  ; FreqDivider:fd_inst|s_divCounter[1]  ; CLK          ; CLK         ; 1.000        ; -0.072     ; 3.708      ;
; -2.781 ; FreqDivider:fd_inst|s_divCounter[0]  ; FreqDivider:fd_inst|s_divCounter[2]  ; CLK          ; CLK         ; 1.000        ; -0.072     ; 3.708      ;
; -2.781 ; FreqDivider:fd_inst|s_divCounter[0]  ; FreqDivider:fd_inst|s_divCounter[3]  ; CLK          ; CLK         ; 1.000        ; -0.072     ; 3.708      ;
; -2.781 ; FreqDivider:fd_inst|s_divCounter[0]  ; FreqDivider:fd_inst|s_divCounter[6]  ; CLK          ; CLK         ; 1.000        ; -0.072     ; 3.708      ;
; -2.781 ; FreqDivider:fd_inst|s_divCounter[0]  ; FreqDivider:fd_inst|s_divCounter[7]  ; CLK          ; CLK         ; 1.000        ; -0.072     ; 3.708      ;
; -2.781 ; FreqDivider:fd_inst|s_divCounter[0]  ; FreqDivider:fd_inst|s_divCounter[8]  ; CLK          ; CLK         ; 1.000        ; -0.072     ; 3.708      ;
; -2.781 ; FreqDivider:fd_inst|s_divCounter[0]  ; FreqDivider:fd_inst|s_divCounter[9]  ; CLK          ; CLK         ; 1.000        ; -0.072     ; 3.708      ;
; -2.781 ; FreqDivider:fd_inst|s_divCounter[0]  ; FreqDivider:fd_inst|s_divCounter[11] ; CLK          ; CLK         ; 1.000        ; -0.072     ; 3.708      ;
; -2.750 ; FreqDivider:fd_inst|s_divCounter[9]  ; FreqDivider:fd_inst|s_divCounter[0]  ; CLK          ; CLK         ; 1.000        ; -0.072     ; 3.677      ;
; -2.750 ; FreqDivider:fd_inst|s_divCounter[9]  ; FreqDivider:fd_inst|s_divCounter[1]  ; CLK          ; CLK         ; 1.000        ; -0.072     ; 3.677      ;
; -2.750 ; FreqDivider:fd_inst|s_divCounter[9]  ; FreqDivider:fd_inst|s_divCounter[2]  ; CLK          ; CLK         ; 1.000        ; -0.072     ; 3.677      ;
; -2.750 ; FreqDivider:fd_inst|s_divCounter[9]  ; FreqDivider:fd_inst|s_divCounter[3]  ; CLK          ; CLK         ; 1.000        ; -0.072     ; 3.677      ;
; -2.750 ; FreqDivider:fd_inst|s_divCounter[9]  ; FreqDivider:fd_inst|s_divCounter[6]  ; CLK          ; CLK         ; 1.000        ; -0.072     ; 3.677      ;
; -2.750 ; FreqDivider:fd_inst|s_divCounter[9]  ; FreqDivider:fd_inst|s_divCounter[7]  ; CLK          ; CLK         ; 1.000        ; -0.072     ; 3.677      ;
; -2.750 ; FreqDivider:fd_inst|s_divCounter[9]  ; FreqDivider:fd_inst|s_divCounter[8]  ; CLK          ; CLK         ; 1.000        ; -0.072     ; 3.677      ;
; -2.750 ; FreqDivider:fd_inst|s_divCounter[9]  ; FreqDivider:fd_inst|s_divCounter[9]  ; CLK          ; CLK         ; 1.000        ; -0.072     ; 3.677      ;
; -2.750 ; FreqDivider:fd_inst|s_divCounter[9]  ; FreqDivider:fd_inst|s_divCounter[11] ; CLK          ; CLK         ; 1.000        ; -0.072     ; 3.677      ;
; -2.702 ; FreqDivider:fd_inst|s_divCounter[2]  ; FreqDivider:fd_inst|s_divCounter[24] ; CLK          ; CLK         ; 1.000        ; 0.309      ; 4.010      ;
; -2.702 ; FreqDivider:fd_inst|s_divCounter[2]  ; FreqDivider:fd_inst|s_divCounter[23] ; CLK          ; CLK         ; 1.000        ; 0.309      ; 4.010      ;
; -2.702 ; FreqDivider:fd_inst|s_divCounter[2]  ; FreqDivider:fd_inst|s_divCounter[22] ; CLK          ; CLK         ; 1.000        ; 0.309      ; 4.010      ;
; -2.702 ; FreqDivider:fd_inst|s_divCounter[2]  ; FreqDivider:fd_inst|s_divCounter[16] ; CLK          ; CLK         ; 1.000        ; 0.309      ; 4.010      ;
; -2.702 ; FreqDivider:fd_inst|s_divCounter[2]  ; FreqDivider:fd_inst|s_divCounter[17] ; CLK          ; CLK         ; 1.000        ; 0.309      ; 4.010      ;
; -2.702 ; FreqDivider:fd_inst|s_divCounter[2]  ; FreqDivider:fd_inst|s_divCounter[18] ; CLK          ; CLK         ; 1.000        ; 0.309      ; 4.010      ;
; -2.702 ; FreqDivider:fd_inst|s_divCounter[2]  ; FreqDivider:fd_inst|s_divCounter[19] ; CLK          ; CLK         ; 1.000        ; 0.309      ; 4.010      ;
; -2.702 ; FreqDivider:fd_inst|s_divCounter[2]  ; FreqDivider:fd_inst|s_divCounter[20] ; CLK          ; CLK         ; 1.000        ; 0.309      ; 4.010      ;
; -2.702 ; FreqDivider:fd_inst|s_divCounter[2]  ; FreqDivider:fd_inst|s_divCounter[21] ; CLK          ; CLK         ; 1.000        ; 0.309      ; 4.010      ;
; -2.661 ; FreqDivider:fd_inst|s_divCounter[1]  ; FreqDivider:fd_inst|s_divCounter[24] ; CLK          ; CLK         ; 1.000        ; 0.309      ; 3.969      ;
; -2.661 ; FreqDivider:fd_inst|s_divCounter[1]  ; FreqDivider:fd_inst|s_divCounter[23] ; CLK          ; CLK         ; 1.000        ; 0.309      ; 3.969      ;
; -2.661 ; FreqDivider:fd_inst|s_divCounter[1]  ; FreqDivider:fd_inst|s_divCounter[22] ; CLK          ; CLK         ; 1.000        ; 0.309      ; 3.969      ;
; -2.661 ; FreqDivider:fd_inst|s_divCounter[1]  ; FreqDivider:fd_inst|s_divCounter[16] ; CLK          ; CLK         ; 1.000        ; 0.309      ; 3.969      ;
; -2.661 ; FreqDivider:fd_inst|s_divCounter[1]  ; FreqDivider:fd_inst|s_divCounter[17] ; CLK          ; CLK         ; 1.000        ; 0.309      ; 3.969      ;
; -2.661 ; FreqDivider:fd_inst|s_divCounter[1]  ; FreqDivider:fd_inst|s_divCounter[18] ; CLK          ; CLK         ; 1.000        ; 0.309      ; 3.969      ;
; -2.661 ; FreqDivider:fd_inst|s_divCounter[1]  ; FreqDivider:fd_inst|s_divCounter[19] ; CLK          ; CLK         ; 1.000        ; 0.309      ; 3.969      ;
; -2.661 ; FreqDivider:fd_inst|s_divCounter[1]  ; FreqDivider:fd_inst|s_divCounter[20] ; CLK          ; CLK         ; 1.000        ; 0.309      ; 3.969      ;
; -2.661 ; FreqDivider:fd_inst|s_divCounter[1]  ; FreqDivider:fd_inst|s_divCounter[21] ; CLK          ; CLK         ; 1.000        ; 0.309      ; 3.969      ;
; -2.635 ; FreqDivider:fd_inst|s_divCounter[8]  ; FreqDivider:fd_inst|s_divCounter[24] ; CLK          ; CLK         ; 1.000        ; 0.309      ; 3.943      ;
; -2.635 ; FreqDivider:fd_inst|s_divCounter[8]  ; FreqDivider:fd_inst|s_divCounter[23] ; CLK          ; CLK         ; 1.000        ; 0.309      ; 3.943      ;
; -2.635 ; FreqDivider:fd_inst|s_divCounter[8]  ; FreqDivider:fd_inst|s_divCounter[22] ; CLK          ; CLK         ; 1.000        ; 0.309      ; 3.943      ;
; -2.635 ; FreqDivider:fd_inst|s_divCounter[8]  ; FreqDivider:fd_inst|s_divCounter[16] ; CLK          ; CLK         ; 1.000        ; 0.309      ; 3.943      ;
; -2.635 ; FreqDivider:fd_inst|s_divCounter[8]  ; FreqDivider:fd_inst|s_divCounter[17] ; CLK          ; CLK         ; 1.000        ; 0.309      ; 3.943      ;
; -2.635 ; FreqDivider:fd_inst|s_divCounter[8]  ; FreqDivider:fd_inst|s_divCounter[18] ; CLK          ; CLK         ; 1.000        ; 0.309      ; 3.943      ;
; -2.635 ; FreqDivider:fd_inst|s_divCounter[8]  ; FreqDivider:fd_inst|s_divCounter[19] ; CLK          ; CLK         ; 1.000        ; 0.309      ; 3.943      ;
; -2.635 ; FreqDivider:fd_inst|s_divCounter[8]  ; FreqDivider:fd_inst|s_divCounter[20] ; CLK          ; CLK         ; 1.000        ; 0.309      ; 3.943      ;
; -2.635 ; FreqDivider:fd_inst|s_divCounter[8]  ; FreqDivider:fd_inst|s_divCounter[21] ; CLK          ; CLK         ; 1.000        ; 0.309      ; 3.943      ;
; -2.628 ; FreqDivider:fd_inst|s_divCounter[2]  ; FreqDivider:fd_inst|s_divCounter[0]  ; CLK          ; CLK         ; 1.000        ; -0.072     ; 3.555      ;
; -2.628 ; FreqDivider:fd_inst|s_divCounter[2]  ; FreqDivider:fd_inst|s_divCounter[1]  ; CLK          ; CLK         ; 1.000        ; -0.072     ; 3.555      ;
; -2.628 ; FreqDivider:fd_inst|s_divCounter[2]  ; FreqDivider:fd_inst|s_divCounter[2]  ; CLK          ; CLK         ; 1.000        ; -0.072     ; 3.555      ;
; -2.628 ; FreqDivider:fd_inst|s_divCounter[2]  ; FreqDivider:fd_inst|s_divCounter[3]  ; CLK          ; CLK         ; 1.000        ; -0.072     ; 3.555      ;
; -2.628 ; FreqDivider:fd_inst|s_divCounter[2]  ; FreqDivider:fd_inst|s_divCounter[6]  ; CLK          ; CLK         ; 1.000        ; -0.072     ; 3.555      ;
; -2.628 ; FreqDivider:fd_inst|s_divCounter[2]  ; FreqDivider:fd_inst|s_divCounter[7]  ; CLK          ; CLK         ; 1.000        ; -0.072     ; 3.555      ;
; -2.628 ; FreqDivider:fd_inst|s_divCounter[2]  ; FreqDivider:fd_inst|s_divCounter[8]  ; CLK          ; CLK         ; 1.000        ; -0.072     ; 3.555      ;
; -2.628 ; FreqDivider:fd_inst|s_divCounter[2]  ; FreqDivider:fd_inst|s_divCounter[9]  ; CLK          ; CLK         ; 1.000        ; -0.072     ; 3.555      ;
; -2.628 ; FreqDivider:fd_inst|s_divCounter[2]  ; FreqDivider:fd_inst|s_divCounter[11] ; CLK          ; CLK         ; 1.000        ; -0.072     ; 3.555      ;
; -2.613 ; FreqDivider:fd_inst|s_divCounter[3]  ; FreqDivider:fd_inst|s_divCounter[24] ; CLK          ; CLK         ; 1.000        ; 0.309      ; 3.921      ;
; -2.613 ; FreqDivider:fd_inst|s_divCounter[3]  ; FreqDivider:fd_inst|s_divCounter[23] ; CLK          ; CLK         ; 1.000        ; 0.309      ; 3.921      ;
; -2.613 ; FreqDivider:fd_inst|s_divCounter[3]  ; FreqDivider:fd_inst|s_divCounter[22] ; CLK          ; CLK         ; 1.000        ; 0.309      ; 3.921      ;
; -2.613 ; FreqDivider:fd_inst|s_divCounter[3]  ; FreqDivider:fd_inst|s_divCounter[16] ; CLK          ; CLK         ; 1.000        ; 0.309      ; 3.921      ;
; -2.613 ; FreqDivider:fd_inst|s_divCounter[3]  ; FreqDivider:fd_inst|s_divCounter[17] ; CLK          ; CLK         ; 1.000        ; 0.309      ; 3.921      ;
; -2.613 ; FreqDivider:fd_inst|s_divCounter[3]  ; FreqDivider:fd_inst|s_divCounter[18] ; CLK          ; CLK         ; 1.000        ; 0.309      ; 3.921      ;
; -2.613 ; FreqDivider:fd_inst|s_divCounter[3]  ; FreqDivider:fd_inst|s_divCounter[19] ; CLK          ; CLK         ; 1.000        ; 0.309      ; 3.921      ;
; -2.613 ; FreqDivider:fd_inst|s_divCounter[3]  ; FreqDivider:fd_inst|s_divCounter[20] ; CLK          ; CLK         ; 1.000        ; 0.309      ; 3.921      ;
; -2.613 ; FreqDivider:fd_inst|s_divCounter[3]  ; FreqDivider:fd_inst|s_divCounter[21] ; CLK          ; CLK         ; 1.000        ; 0.309      ; 3.921      ;
; -2.599 ; FreqDivider:fd_inst|s_divCounter[13] ; FreqDivider:fd_inst|s_divCounter[24] ; CLK          ; CLK         ; 1.000        ; -0.092     ; 3.506      ;
; -2.599 ; FreqDivider:fd_inst|s_divCounter[13] ; FreqDivider:fd_inst|s_divCounter[23] ; CLK          ; CLK         ; 1.000        ; -0.092     ; 3.506      ;
; -2.599 ; FreqDivider:fd_inst|s_divCounter[13] ; FreqDivider:fd_inst|s_divCounter[22] ; CLK          ; CLK         ; 1.000        ; -0.092     ; 3.506      ;
; -2.599 ; FreqDivider:fd_inst|s_divCounter[13] ; FreqDivider:fd_inst|s_divCounter[16] ; CLK          ; CLK         ; 1.000        ; -0.092     ; 3.506      ;
; -2.599 ; FreqDivider:fd_inst|s_divCounter[13] ; FreqDivider:fd_inst|s_divCounter[17] ; CLK          ; CLK         ; 1.000        ; -0.092     ; 3.506      ;
; -2.599 ; FreqDivider:fd_inst|s_divCounter[13] ; FreqDivider:fd_inst|s_divCounter[18] ; CLK          ; CLK         ; 1.000        ; -0.092     ; 3.506      ;
; -2.599 ; FreqDivider:fd_inst|s_divCounter[13] ; FreqDivider:fd_inst|s_divCounter[19] ; CLK          ; CLK         ; 1.000        ; -0.092     ; 3.506      ;
; -2.599 ; FreqDivider:fd_inst|s_divCounter[13] ; FreqDivider:fd_inst|s_divCounter[20] ; CLK          ; CLK         ; 1.000        ; -0.092     ; 3.506      ;
; -2.599 ; FreqDivider:fd_inst|s_divCounter[13] ; FreqDivider:fd_inst|s_divCounter[21] ; CLK          ; CLK         ; 1.000        ; -0.092     ; 3.506      ;
; -2.597 ; FreqDivider:fd_inst|s_divCounter[12] ; FreqDivider:fd_inst|s_divCounter[24] ; CLK          ; CLK         ; 1.000        ; -0.092     ; 3.504      ;
; -2.597 ; FreqDivider:fd_inst|s_divCounter[12] ; FreqDivider:fd_inst|s_divCounter[23] ; CLK          ; CLK         ; 1.000        ; -0.092     ; 3.504      ;
; -2.597 ; FreqDivider:fd_inst|s_divCounter[12] ; FreqDivider:fd_inst|s_divCounter[22] ; CLK          ; CLK         ; 1.000        ; -0.092     ; 3.504      ;
; -2.597 ; FreqDivider:fd_inst|s_divCounter[12] ; FreqDivider:fd_inst|s_divCounter[16] ; CLK          ; CLK         ; 1.000        ; -0.092     ; 3.504      ;
; -2.597 ; FreqDivider:fd_inst|s_divCounter[12] ; FreqDivider:fd_inst|s_divCounter[17] ; CLK          ; CLK         ; 1.000        ; -0.092     ; 3.504      ;
; -2.597 ; FreqDivider:fd_inst|s_divCounter[12] ; FreqDivider:fd_inst|s_divCounter[18] ; CLK          ; CLK         ; 1.000        ; -0.092     ; 3.504      ;
; -2.597 ; FreqDivider:fd_inst|s_divCounter[12] ; FreqDivider:fd_inst|s_divCounter[19] ; CLK          ; CLK         ; 1.000        ; -0.092     ; 3.504      ;
; -2.597 ; FreqDivider:fd_inst|s_divCounter[12] ; FreqDivider:fd_inst|s_divCounter[20] ; CLK          ; CLK         ; 1.000        ; -0.092     ; 3.504      ;
; -2.597 ; FreqDivider:fd_inst|s_divCounter[12] ; FreqDivider:fd_inst|s_divCounter[21] ; CLK          ; CLK         ; 1.000        ; -0.092     ; 3.504      ;
; -2.587 ; FreqDivider:fd_inst|s_divCounter[1]  ; FreqDivider:fd_inst|s_divCounter[0]  ; CLK          ; CLK         ; 1.000        ; -0.072     ; 3.514      ;
+--------+--------------------------------------+--------------------------------------+--------------+-------------+--------------+------------+------------+


+-----------------------------------------------------------------------------------------------------------------------------------------------------------+
; Slow 1200mV 0C Model Hold: 'CLK'                                                                                                                          ;
+-------+--------------------------------------+--------------------------------------+--------------+-------------+--------------+------------+------------+
; Slack ; From Node                            ; To Node                              ; Launch Clock ; Latch Clock ; Relationship ; Clock Skew ; Data Delay ;
+-------+--------------------------------------+--------------------------------------+--------------+-------------+--------------+------------+------------+
; 0.339 ; FreqDivider:fd_inst|clkOut           ; FreqDivider:fd_inst|clkOut           ; CLK          ; CLK         ; 0.000        ; 0.087      ; 0.597      ;
; 0.404 ; FreqDivider:fd_inst|s_divCounter[24] ; FreqDivider:fd_inst|s_divCounter[24] ; CLK          ; CLK         ; 0.000        ; 0.087      ; 0.662      ;
; 0.489 ; FreqDivider:fd_inst|s_divCounter[9]  ; FreqDivider:fd_inst|s_divCounter[10] ; CLK          ; CLK         ; 0.000        ; 0.467      ; 1.127      ;
; 0.494 ; FreqDivider:fd_inst|s_divCounter[3]  ; FreqDivider:fd_inst|s_divCounter[4]  ; CLK          ; CLK         ; 0.000        ; 0.467      ; 1.132      ;
; 0.574 ; FreqDivider:fd_inst|s_divCounter[18] ; FreqDivider:fd_inst|s_divCounter[18] ; CLK          ; CLK         ; 0.000        ; 0.087      ; 0.832      ;
; 0.575 ; FreqDivider:fd_inst|s_divCounter[19] ; FreqDivider:fd_inst|s_divCounter[19] ; CLK          ; CLK         ; 0.000        ; 0.087      ; 0.833      ;
; 0.575 ; FreqDivider:fd_inst|s_divCounter[21] ; FreqDivider:fd_inst|s_divCounter[21] ; CLK          ; CLK         ; 0.000        ; 0.087      ; 0.833      ;
; 0.577 ; FreqDivider:fd_inst|s_divCounter[20] ; FreqDivider:fd_inst|s_divCounter[20] ; CLK          ; CLK         ; 0.000        ; 0.087      ; 0.835      ;
; 0.585 ; FreqDivider:fd_inst|s_divCounter[23] ; FreqDivider:fd_inst|s_divCounter[23] ; CLK          ; CLK         ; 0.000        ; 0.087      ; 0.843      ;
; 0.591 ; FreqDivider:fd_inst|s_divCounter[17] ; FreqDivider:fd_inst|s_divCounter[17] ; CLK          ; CLK         ; 0.000        ; 0.087      ; 0.849      ;
; 0.593 ; FreqDivider:fd_inst|s_divCounter[3]  ; FreqDivider:fd_inst|s_divCounter[5]  ; CLK          ; CLK         ; 0.000        ; 0.467      ; 1.231      ;
; 0.594 ; FreqDivider:fd_inst|s_divCounter[5]  ; FreqDivider:fd_inst|s_divCounter[5]  ; CLK          ; CLK         ; 0.000        ; 0.087      ; 0.852      ;
; 0.596 ; FreqDivider:fd_inst|s_divCounter[16] ; FreqDivider:fd_inst|s_divCounter[16] ; CLK          ; CLK         ; 0.000        ; 0.087      ; 0.854      ;
; 0.598 ; FreqDivider:fd_inst|s_divCounter[9]  ; FreqDivider:fd_inst|s_divCounter[9]  ; CLK          ; CLK         ; 0.000        ; 0.072      ; 0.841      ;
; 0.598 ; FreqDivider:fd_inst|s_divCounter[11] ; FreqDivider:fd_inst|s_divCounter[11] ; CLK          ; CLK         ; 0.000        ; 0.072      ; 0.841      ;
; 0.598 ; FreqDivider:fd_inst|s_divCounter[22] ; FreqDivider:fd_inst|s_divCounter[22] ; CLK          ; CLK         ; 0.000        ; 0.087      ; 0.856      ;
; 0.599 ; FreqDivider:fd_inst|s_divCounter[1]  ; FreqDivider:fd_inst|s_divCounter[1]  ; CLK          ; CLK         ; 0.000        ; 0.072      ; 0.842      ;
; 0.599 ; FreqDivider:fd_inst|s_divCounter[7]  ; FreqDivider:fd_inst|s_divCounter[7]  ; CLK          ; CLK         ; 0.000        ; 0.072      ; 0.842      ;
; 0.600 ; FreqDivider:fd_inst|s_divCounter[7]  ; FreqDivider:fd_inst|s_divCounter[10] ; CLK          ; CLK         ; 0.000        ; 0.467      ; 1.238      ;
; 0.600 ; FreqDivider:fd_inst|s_divCounter[1]  ; FreqDivider:fd_inst|s_divCounter[4]  ; CLK          ; CLK         ; 0.000        ; 0.467      ; 1.238      ;
; 0.602 ; FreqDivider:fd_inst|s_divCounter[3]  ; FreqDivider:fd_inst|s_divCounter[3]  ; CLK          ; CLK         ; 0.000        ; 0.072      ; 0.845      ;
; 0.604 ; FreqDivider:fd_inst|s_divCounter[6]  ; FreqDivider:fd_inst|s_divCounter[6]  ; CLK          ; CLK         ; 0.000        ; 0.072      ; 0.847      ;
; 0.608 ; FreqDivider:fd_inst|s_divCounter[4]  ; FreqDivider:fd_inst|s_divCounter[4]  ; CLK          ; CLK         ; 0.000        ; 0.087      ; 0.866      ;
; 0.618 ; FreqDivider:fd_inst|s_divCounter[6]  ; FreqDivider:fd_inst|s_divCounter[10] ; CLK          ; CLK         ; 0.000        ; 0.467      ; 1.256      ;
; 0.618 ; FreqDivider:fd_inst|s_divCounter[0]  ; FreqDivider:fd_inst|s_divCounter[4]  ; CLK          ; CLK         ; 0.000        ; 0.467      ; 1.256      ;
; 0.625 ; FreqDivider:fd_inst|s_divCounter[0]  ; FreqDivider:fd_inst|s_divCounter[0]  ; CLK          ; CLK         ; 0.000        ; 0.072      ; 0.868      ;
; 0.652 ; FreqDivider:fd_inst|s_divCounter[8]  ; FreqDivider:fd_inst|s_divCounter[10] ; CLK          ; CLK         ; 0.000        ; 0.467      ; 1.290      ;
; 0.653 ; FreqDivider:fd_inst|s_divCounter[2]  ; FreqDivider:fd_inst|s_divCounter[4]  ; CLK          ; CLK         ; 0.000        ; 0.467      ; 1.291      ;
; 0.699 ; FreqDivider:fd_inst|s_divCounter[1]  ; FreqDivider:fd_inst|s_divCounter[5]  ; CLK          ; CLK         ; 0.000        ; 0.467      ; 1.337      ;
; 0.708 ; FreqDivider:fd_inst|s_divCounter[11] ; FreqDivider:fd_inst|s_divCounter[16] ; CLK          ; CLK         ; 0.000        ; 0.468      ; 1.347      ;
; 0.717 ; FreqDivider:fd_inst|s_divCounter[0]  ; FreqDivider:fd_inst|s_divCounter[5]  ; CLK          ; CLK         ; 0.000        ; 0.467      ; 1.355      ;
; 0.739 ; FreqDivider:fd_inst|s_divCounter[2]  ; FreqDivider:fd_inst|s_divCounter[5]  ; CLK          ; CLK         ; 0.000        ; 0.467      ; 1.377      ;
; 0.741 ; FreqDivider:fd_inst|s_divCounter[10] ; FreqDivider:fd_inst|s_divCounter[10] ; CLK          ; CLK         ; 0.000        ; 0.087      ; 0.999      ;
; 0.748 ; FreqDivider:fd_inst|s_divCounter[8]  ; FreqDivider:fd_inst|s_divCounter[8]  ; CLK          ; CLK         ; 0.000        ; 0.072      ; 0.991      ;
; 0.749 ; FreqDivider:fd_inst|s_divCounter[2]  ; FreqDivider:fd_inst|s_divCounter[2]  ; CLK          ; CLK         ; 0.000        ; 0.072      ; 0.992      ;
; 0.807 ; FreqDivider:fd_inst|s_divCounter[11] ; FreqDivider:fd_inst|s_divCounter[17] ; CLK          ; CLK         ; 0.000        ; 0.468      ; 1.446      ;
; 0.818 ; FreqDivider:fd_inst|s_divCounter[11] ; FreqDivider:fd_inst|s_divCounter[18] ; CLK          ; CLK         ; 0.000        ; 0.468      ; 1.457      ;
; 0.818 ; FreqDivider:fd_inst|s_divCounter[9]  ; FreqDivider:fd_inst|s_divCounter[16] ; CLK          ; CLK         ; 0.000        ; 0.468      ; 1.457      ;
; 0.824 ; FreqDivider:fd_inst|s_divCounter[3]  ; FreqDivider:fd_inst|s_divCounter[10] ; CLK          ; CLK         ; 0.000        ; 0.467      ; 1.462      ;
; 0.862 ; FreqDivider:fd_inst|s_divCounter[19] ; FreqDivider:fd_inst|s_divCounter[20] ; CLK          ; CLK         ; 0.000        ; 0.087      ; 1.120      ;
; 0.862 ; FreqDivider:fd_inst|s_divCounter[21] ; FreqDivider:fd_inst|s_divCounter[22] ; CLK          ; CLK         ; 0.000        ; 0.087      ; 1.120      ;
; 0.862 ; FreqDivider:fd_inst|s_divCounter[18] ; FreqDivider:fd_inst|s_divCounter[19] ; CLK          ; CLK         ; 0.000        ; 0.087      ; 1.120      ;
; 0.865 ; FreqDivider:fd_inst|s_divCounter[20] ; FreqDivider:fd_inst|s_divCounter[21] ; CLK          ; CLK         ; 0.000        ; 0.087      ; 1.123      ;
; 0.871 ; FreqDivider:fd_inst|s_divCounter[23] ; FreqDivider:fd_inst|s_divCounter[24] ; CLK          ; CLK         ; 0.000        ; 0.087      ; 1.129      ;
; 0.873 ; FreqDivider:fd_inst|s_divCounter[18] ; FreqDivider:fd_inst|s_divCounter[20] ; CLK          ; CLK         ; 0.000        ; 0.087      ; 1.131      ;
; 0.876 ; FreqDivider:fd_inst|s_divCounter[20] ; FreqDivider:fd_inst|s_divCounter[22] ; CLK          ; CLK         ; 0.000        ; 0.087      ; 1.134      ;
; 0.877 ; FreqDivider:fd_inst|s_divCounter[17] ; FreqDivider:fd_inst|s_divCounter[18] ; CLK          ; CLK         ; 0.000        ; 0.087      ; 1.135      ;
; 0.884 ; FreqDivider:fd_inst|s_divCounter[16] ; FreqDivider:fd_inst|s_divCounter[17] ; CLK          ; CLK         ; 0.000        ; 0.087      ; 1.142      ;
; 0.885 ; FreqDivider:fd_inst|s_divCounter[7]  ; FreqDivider:fd_inst|s_divCounter[8]  ; CLK          ; CLK         ; 0.000        ; 0.072      ; 1.128      ;
; 0.885 ; FreqDivider:fd_inst|s_divCounter[1]  ; FreqDivider:fd_inst|s_divCounter[2]  ; CLK          ; CLK         ; 0.000        ; 0.072      ; 1.128      ;
; 0.886 ; FreqDivider:fd_inst|s_divCounter[22] ; FreqDivider:fd_inst|s_divCounter[23] ; CLK          ; CLK         ; 0.000        ; 0.087      ; 1.144      ;
; 0.892 ; FreqDivider:fd_inst|s_divCounter[0]  ; FreqDivider:fd_inst|s_divCounter[1]  ; CLK          ; CLK         ; 0.000        ; 0.072      ; 1.135      ;
; 0.892 ; FreqDivider:fd_inst|s_divCounter[6]  ; FreqDivider:fd_inst|s_divCounter[7]  ; CLK          ; CLK         ; 0.000        ; 0.072      ; 1.135      ;
; 0.895 ; FreqDivider:fd_inst|s_divCounter[16] ; FreqDivider:fd_inst|s_divCounter[18] ; CLK          ; CLK         ; 0.000        ; 0.087      ; 1.153      ;
; 0.896 ; FreqDivider:fd_inst|s_divCounter[4]  ; FreqDivider:fd_inst|s_divCounter[5]  ; CLK          ; CLK         ; 0.000        ; 0.087      ; 1.154      ;
; 0.897 ; FreqDivider:fd_inst|s_divCounter[22] ; FreqDivider:fd_inst|s_divCounter[24] ; CLK          ; CLK         ; 0.000        ; 0.087      ; 1.155      ;
; 0.903 ; FreqDivider:fd_inst|s_divCounter[6]  ; FreqDivider:fd_inst|s_divCounter[8]  ; CLK          ; CLK         ; 0.000        ; 0.072      ; 1.146      ;
; 0.903 ; FreqDivider:fd_inst|s_divCounter[0]  ; FreqDivider:fd_inst|s_divCounter[2]  ; CLK          ; CLK         ; 0.000        ; 0.072      ; 1.146      ;
; 0.917 ; FreqDivider:fd_inst|s_divCounter[9]  ; FreqDivider:fd_inst|s_divCounter[17] ; CLK          ; CLK         ; 0.000        ; 0.468      ; 1.556      ;
; 0.917 ; FreqDivider:fd_inst|s_divCounter[11] ; FreqDivider:fd_inst|s_divCounter[19] ; CLK          ; CLK         ; 0.000        ; 0.468      ; 1.556      ;
; 0.928 ; FreqDivider:fd_inst|s_divCounter[9]  ; FreqDivider:fd_inst|s_divCounter[18] ; CLK          ; CLK         ; 0.000        ; 0.468      ; 1.567      ;
; 0.928 ; FreqDivider:fd_inst|s_divCounter[11] ; FreqDivider:fd_inst|s_divCounter[20] ; CLK          ; CLK         ; 0.000        ; 0.468      ; 1.567      ;
; 0.929 ; FreqDivider:fd_inst|s_divCounter[7]  ; FreqDivider:fd_inst|s_divCounter[16] ; CLK          ; CLK         ; 0.000        ; 0.468      ; 1.568      ;
; 0.930 ; FreqDivider:fd_inst|s_divCounter[1]  ; FreqDivider:fd_inst|s_divCounter[10] ; CLK          ; CLK         ; 0.000        ; 0.467      ; 1.568      ;
; 0.947 ; FreqDivider:fd_inst|s_divCounter[6]  ; FreqDivider:fd_inst|s_divCounter[16] ; CLK          ; CLK         ; 0.000        ; 0.468      ; 1.586      ;
; 0.948 ; FreqDivider:fd_inst|s_divCounter[0]  ; FreqDivider:fd_inst|s_divCounter[10] ; CLK          ; CLK         ; 0.000        ; 0.467      ; 1.586      ;
; 0.961 ; FreqDivider:fd_inst|s_divCounter[19] ; FreqDivider:fd_inst|s_divCounter[21] ; CLK          ; CLK         ; 0.000        ; 0.087      ; 1.219      ;
; 0.961 ; FreqDivider:fd_inst|s_divCounter[21] ; FreqDivider:fd_inst|s_divCounter[23] ; CLK          ; CLK         ; 0.000        ; 0.087      ; 1.219      ;
; 0.972 ; FreqDivider:fd_inst|s_divCounter[19] ; FreqDivider:fd_inst|s_divCounter[22] ; CLK          ; CLK         ; 0.000        ; 0.087      ; 1.230      ;
; 0.972 ; FreqDivider:fd_inst|s_divCounter[21] ; FreqDivider:fd_inst|s_divCounter[24] ; CLK          ; CLK         ; 0.000        ; 0.087      ; 1.230      ;
; 0.972 ; FreqDivider:fd_inst|s_divCounter[18] ; FreqDivider:fd_inst|s_divCounter[21] ; CLK          ; CLK         ; 0.000        ; 0.087      ; 1.230      ;
; 0.975 ; FreqDivider:fd_inst|s_divCounter[20] ; FreqDivider:fd_inst|s_divCounter[23] ; CLK          ; CLK         ; 0.000        ; 0.087      ; 1.233      ;
; 0.976 ; FreqDivider:fd_inst|s_divCounter[17] ; FreqDivider:fd_inst|s_divCounter[19] ; CLK          ; CLK         ; 0.000        ; 0.087      ; 1.234      ;
; 0.981 ; FreqDivider:fd_inst|s_divCounter[8]  ; FreqDivider:fd_inst|s_divCounter[16] ; CLK          ; CLK         ; 0.000        ; 0.468      ; 1.620      ;
; 0.983 ; FreqDivider:fd_inst|s_divCounter[9]  ; FreqDivider:fd_inst|s_divCounter[11] ; CLK          ; CLK         ; 0.000        ; 0.072      ; 1.226      ;
; 0.983 ; FreqDivider:fd_inst|s_divCounter[2]  ; FreqDivider:fd_inst|s_divCounter[10] ; CLK          ; CLK         ; 0.000        ; 0.467      ; 1.621      ;
; 0.983 ; FreqDivider:fd_inst|s_divCounter[18] ; FreqDivider:fd_inst|s_divCounter[22] ; CLK          ; CLK         ; 0.000        ; 0.087      ; 1.241      ;
; 0.984 ; FreqDivider:fd_inst|s_divCounter[7]  ; FreqDivider:fd_inst|s_divCounter[9]  ; CLK          ; CLK         ; 0.000        ; 0.072      ; 1.227      ;
; 0.984 ; FreqDivider:fd_inst|s_divCounter[1]  ; FreqDivider:fd_inst|s_divCounter[3]  ; CLK          ; CLK         ; 0.000        ; 0.072      ; 1.227      ;
; 0.986 ; FreqDivider:fd_inst|s_divCounter[20] ; FreqDivider:fd_inst|s_divCounter[24] ; CLK          ; CLK         ; 0.000        ; 0.087      ; 1.244      ;
; 0.987 ; FreqDivider:fd_inst|s_divCounter[17] ; FreqDivider:fd_inst|s_divCounter[20] ; CLK          ; CLK         ; 0.000        ; 0.087      ; 1.245      ;
; 0.994 ; FreqDivider:fd_inst|s_divCounter[16] ; FreqDivider:fd_inst|s_divCounter[19] ; CLK          ; CLK         ; 0.000        ; 0.087      ; 1.252      ;
; 0.999 ; FreqDivider:fd_inst|s_divCounter[3]  ; FreqDivider:fd_inst|s_divCounter[6]  ; CLK          ; CLK         ; 0.000        ; 0.072      ; 1.242      ;
; 1.002 ; FreqDivider:fd_inst|s_divCounter[6]  ; FreqDivider:fd_inst|s_divCounter[9]  ; CLK          ; CLK         ; 0.000        ; 0.072      ; 1.245      ;
; 1.002 ; FreqDivider:fd_inst|s_divCounter[0]  ; FreqDivider:fd_inst|s_divCounter[3]  ; CLK          ; CLK         ; 0.000        ; 0.072      ; 1.245      ;
; 1.005 ; FreqDivider:fd_inst|s_divCounter[16] ; FreqDivider:fd_inst|s_divCounter[20] ; CLK          ; CLK         ; 0.000        ; 0.087      ; 1.263      ;
; 1.024 ; FreqDivider:fd_inst|s_divCounter[2]  ; FreqDivider:fd_inst|s_divCounter[3]  ; CLK          ; CLK         ; 0.000        ; 0.072      ; 1.267      ;
; 1.027 ; FreqDivider:fd_inst|s_divCounter[9]  ; FreqDivider:fd_inst|s_divCounter[19] ; CLK          ; CLK         ; 0.000        ; 0.468      ; 1.666      ;
; 1.027 ; FreqDivider:fd_inst|s_divCounter[11] ; FreqDivider:fd_inst|s_divCounter[21] ; CLK          ; CLK         ; 0.000        ; 0.468      ; 1.666      ;
; 1.028 ; FreqDivider:fd_inst|s_divCounter[7]  ; FreqDivider:fd_inst|s_divCounter[17] ; CLK          ; CLK         ; 0.000        ; 0.468      ; 1.667      ;
; 1.032 ; FreqDivider:fd_inst|s_divCounter[8]  ; FreqDivider:fd_inst|s_divCounter[9]  ; CLK          ; CLK         ; 0.000        ; 0.072      ; 1.275      ;
; 1.038 ; FreqDivider:fd_inst|s_divCounter[9]  ; FreqDivider:fd_inst|s_divCounter[20] ; CLK          ; CLK         ; 0.000        ; 0.468      ; 1.677      ;
; 1.038 ; FreqDivider:fd_inst|s_divCounter[11] ; FreqDivider:fd_inst|s_divCounter[22] ; CLK          ; CLK         ; 0.000        ; 0.468      ; 1.677      ;
; 1.039 ; FreqDivider:fd_inst|s_divCounter[7]  ; FreqDivider:fd_inst|s_divCounter[18] ; CLK          ; CLK         ; 0.000        ; 0.468      ; 1.678      ;
; 1.046 ; FreqDivider:fd_inst|s_divCounter[6]  ; FreqDivider:fd_inst|s_divCounter[17] ; CLK          ; CLK         ; 0.000        ; 0.468      ; 1.685      ;
; 1.057 ; FreqDivider:fd_inst|s_divCounter[6]  ; FreqDivider:fd_inst|s_divCounter[18] ; CLK          ; CLK         ; 0.000        ; 0.468      ; 1.696      ;
; 1.071 ; FreqDivider:fd_inst|s_divCounter[19] ; FreqDivider:fd_inst|s_divCounter[23] ; CLK          ; CLK         ; 0.000        ; 0.087      ; 1.329      ;
; 1.076 ; FreqDivider:fd_inst|s_divCounter[8]  ; FreqDivider:fd_inst|s_divCounter[17] ; CLK          ; CLK         ; 0.000        ; 0.468      ; 1.715      ;
; 1.082 ; FreqDivider:fd_inst|s_divCounter[19] ; FreqDivider:fd_inst|s_divCounter[24] ; CLK          ; CLK         ; 0.000        ; 0.087      ; 1.340      ;
; 1.082 ; FreqDivider:fd_inst|s_divCounter[18] ; FreqDivider:fd_inst|s_divCounter[23] ; CLK          ; CLK         ; 0.000        ; 0.087      ; 1.340      ;
+-------+--------------------------------------+--------------------------------------+--------------+-------------+--------------+------------+------------+


----------------------------------------------
; Slow 1200mV 0C Model Metastability Summary ;
----------------------------------------------
No synchronizer chains to report.


+------------------------------------+
; Fast 1200mV 0C Model Setup Summary ;
+-------+--------+-------------------+
; Clock ; Slack  ; End Point TNS     ;
+-------+--------+-------------------+
; CLK   ; -1.005 ; -24.036           ;
+-------+--------+-------------------+


+-----------------------------------+
; Fast 1200mV 0C Model Hold Summary ;
+-------+-------+-------------------+
; Clock ; Slack ; End Point TNS     ;
+-------+-------+-------------------+
; CLK   ; 0.174 ; 0.000             ;
+-------+-------+-------------------+


-----------------------------------------
; Fast 1200mV 0C Model Recovery Summary ;
-----------------------------------------
No paths to report.


----------------------------------------
; Fast 1200mV 0C Model Removal Summary ;
----------------------------------------
No paths to report.


+--------------------------------------------------+
; Fast 1200mV 0C Model Minimum Pulse Width Summary ;
+-------+--------+---------------------------------+
; Clock ; Slack  ; End Point TNS                   ;
+-------+--------+---------------------------------+
; CLK   ; -3.000 ; -30.876                         ;
+-------+--------+---------------------------------+


+------------------------------------------------------------------------------------------------------------------------------------------------------------+
; Fast 1200mV 0C Model Setup: 'CLK'                                                                                                                          ;
+--------+--------------------------------------+--------------------------------------+--------------+-------------+--------------+------------+------------+
; Slack  ; From Node                            ; To Node                              ; Launch Clock ; Latch Clock ; Relationship ; Clock Skew ; Data Delay ;
+--------+--------------------------------------+--------------------------------------+--------------+-------------+--------------+------------+------------+
; -1.005 ; FreqDivider:fd_inst|s_divCounter[0]  ; FreqDivider:fd_inst|s_divCounter[24] ; CLK          ; CLK         ; 1.000        ; 0.155      ; 2.147      ;
; -1.005 ; FreqDivider:fd_inst|s_divCounter[0]  ; FreqDivider:fd_inst|s_divCounter[23] ; CLK          ; CLK         ; 1.000        ; 0.155      ; 2.147      ;
; -1.005 ; FreqDivider:fd_inst|s_divCounter[0]  ; FreqDivider:fd_inst|s_divCounter[22] ; CLK          ; CLK         ; 1.000        ; 0.155      ; 2.147      ;
; -1.005 ; FreqDivider:fd_inst|s_divCounter[0]  ; FreqDivider:fd_inst|s_divCounter[16] ; CLK          ; CLK         ; 1.000        ; 0.155      ; 2.147      ;
; -1.005 ; FreqDivider:fd_inst|s_divCounter[0]  ; FreqDivider:fd_inst|s_divCounter[17] ; CLK          ; CLK         ; 1.000        ; 0.155      ; 2.147      ;
; -1.005 ; FreqDivider:fd_inst|s_divCounter[0]  ; FreqDivider:fd_inst|s_divCounter[18] ; CLK          ; CLK         ; 1.000        ; 0.155      ; 2.147      ;
; -1.005 ; FreqDivider:fd_inst|s_divCounter[0]  ; FreqDivider:fd_inst|s_divCounter[19] ; CLK          ; CLK         ; 1.000        ; 0.155      ; 2.147      ;
; -1.005 ; FreqDivider:fd_inst|s_divCounter[0]  ; FreqDivider:fd_inst|s_divCounter[20] ; CLK          ; CLK         ; 1.000        ; 0.155      ; 2.147      ;
; -1.005 ; FreqDivider:fd_inst|s_divCounter[0]  ; FreqDivider:fd_inst|s_divCounter[21] ; CLK          ; CLK         ; 1.000        ; 0.155      ; 2.147      ;
; -0.966 ; FreqDivider:fd_inst|s_divCounter[9]  ; FreqDivider:fd_inst|s_divCounter[24] ; CLK          ; CLK         ; 1.000        ; 0.155      ; 2.108      ;
; -0.966 ; FreqDivider:fd_inst|s_divCounter[9]  ; FreqDivider:fd_inst|s_divCounter[23] ; CLK          ; CLK         ; 1.000        ; 0.155      ; 2.108      ;
; -0.966 ; FreqDivider:fd_inst|s_divCounter[9]  ; FreqDivider:fd_inst|s_divCounter[22] ; CLK          ; CLK         ; 1.000        ; 0.155      ; 2.108      ;
; -0.966 ; FreqDivider:fd_inst|s_divCounter[9]  ; FreqDivider:fd_inst|s_divCounter[16] ; CLK          ; CLK         ; 1.000        ; 0.155      ; 2.108      ;
; -0.966 ; FreqDivider:fd_inst|s_divCounter[9]  ; FreqDivider:fd_inst|s_divCounter[17] ; CLK          ; CLK         ; 1.000        ; 0.155      ; 2.108      ;
; -0.966 ; FreqDivider:fd_inst|s_divCounter[9]  ; FreqDivider:fd_inst|s_divCounter[18] ; CLK          ; CLK         ; 1.000        ; 0.155      ; 2.108      ;
; -0.966 ; FreqDivider:fd_inst|s_divCounter[9]  ; FreqDivider:fd_inst|s_divCounter[19] ; CLK          ; CLK         ; 1.000        ; 0.155      ; 2.108      ;
; -0.966 ; FreqDivider:fd_inst|s_divCounter[9]  ; FreqDivider:fd_inst|s_divCounter[20] ; CLK          ; CLK         ; 1.000        ; 0.155      ; 2.108      ;
; -0.966 ; FreqDivider:fd_inst|s_divCounter[9]  ; FreqDivider:fd_inst|s_divCounter[21] ; CLK          ; CLK         ; 1.000        ; 0.155      ; 2.108      ;
; -0.947 ; FreqDivider:fd_inst|s_divCounter[0]  ; FreqDivider:fd_inst|s_divCounter[0]  ; CLK          ; CLK         ; 1.000        ; -0.041     ; 1.893      ;
; -0.947 ; FreqDivider:fd_inst|s_divCounter[0]  ; FreqDivider:fd_inst|s_divCounter[1]  ; CLK          ; CLK         ; 1.000        ; -0.041     ; 1.893      ;
; -0.947 ; FreqDivider:fd_inst|s_divCounter[0]  ; FreqDivider:fd_inst|s_divCounter[2]  ; CLK          ; CLK         ; 1.000        ; -0.041     ; 1.893      ;
; -0.947 ; FreqDivider:fd_inst|s_divCounter[0]  ; FreqDivider:fd_inst|s_divCounter[3]  ; CLK          ; CLK         ; 1.000        ; -0.041     ; 1.893      ;
; -0.947 ; FreqDivider:fd_inst|s_divCounter[0]  ; FreqDivider:fd_inst|s_divCounter[6]  ; CLK          ; CLK         ; 1.000        ; -0.041     ; 1.893      ;
; -0.947 ; FreqDivider:fd_inst|s_divCounter[0]  ; FreqDivider:fd_inst|s_divCounter[7]  ; CLK          ; CLK         ; 1.000        ; -0.041     ; 1.893      ;
; -0.947 ; FreqDivider:fd_inst|s_divCounter[0]  ; FreqDivider:fd_inst|s_divCounter[8]  ; CLK          ; CLK         ; 1.000        ; -0.041     ; 1.893      ;
; -0.947 ; FreqDivider:fd_inst|s_divCounter[0]  ; FreqDivider:fd_inst|s_divCounter[9]  ; CLK          ; CLK         ; 1.000        ; -0.041     ; 1.893      ;
; -0.947 ; FreqDivider:fd_inst|s_divCounter[0]  ; FreqDivider:fd_inst|s_divCounter[11] ; CLK          ; CLK         ; 1.000        ; -0.041     ; 1.893      ;
; -0.908 ; FreqDivider:fd_inst|s_divCounter[9]  ; FreqDivider:fd_inst|s_divCounter[0]  ; CLK          ; CLK         ; 1.000        ; -0.041     ; 1.854      ;
; -0.908 ; FreqDivider:fd_inst|s_divCounter[9]  ; FreqDivider:fd_inst|s_divCounter[1]  ; CLK          ; CLK         ; 1.000        ; -0.041     ; 1.854      ;
; -0.908 ; FreqDivider:fd_inst|s_divCounter[9]  ; FreqDivider:fd_inst|s_divCounter[2]  ; CLK          ; CLK         ; 1.000        ; -0.041     ; 1.854      ;
; -0.908 ; FreqDivider:fd_inst|s_divCounter[9]  ; FreqDivider:fd_inst|s_divCounter[3]  ; CLK          ; CLK         ; 1.000        ; -0.041     ; 1.854      ;
; -0.908 ; FreqDivider:fd_inst|s_divCounter[9]  ; FreqDivider:fd_inst|s_divCounter[6]  ; CLK          ; CLK         ; 1.000        ; -0.041     ; 1.854      ;
; -0.908 ; FreqDivider:fd_inst|s_divCounter[9]  ; FreqDivider:fd_inst|s_divCounter[7]  ; CLK          ; CLK         ; 1.000        ; -0.041     ; 1.854      ;
; -0.908 ; FreqDivider:fd_inst|s_divCounter[9]  ; FreqDivider:fd_inst|s_divCounter[8]  ; CLK          ; CLK         ; 1.000        ; -0.041     ; 1.854      ;
; -0.908 ; FreqDivider:fd_inst|s_divCounter[9]  ; FreqDivider:fd_inst|s_divCounter[9]  ; CLK          ; CLK         ; 1.000        ; -0.041     ; 1.854      ;
; -0.908 ; FreqDivider:fd_inst|s_divCounter[9]  ; FreqDivider:fd_inst|s_divCounter[11] ; CLK          ; CLK         ; 1.000        ; -0.041     ; 1.854      ;
; -0.902 ; FreqDivider:fd_inst|s_divCounter[1]  ; FreqDivider:fd_inst|s_divCounter[24] ; CLK          ; CLK         ; 1.000        ; 0.155      ; 2.044      ;
; -0.902 ; FreqDivider:fd_inst|s_divCounter[1]  ; FreqDivider:fd_inst|s_divCounter[23] ; CLK          ; CLK         ; 1.000        ; 0.155      ; 2.044      ;
; -0.902 ; FreqDivider:fd_inst|s_divCounter[1]  ; FreqDivider:fd_inst|s_divCounter[22] ; CLK          ; CLK         ; 1.000        ; 0.155      ; 2.044      ;
; -0.902 ; FreqDivider:fd_inst|s_divCounter[1]  ; FreqDivider:fd_inst|s_divCounter[16] ; CLK          ; CLK         ; 1.000        ; 0.155      ; 2.044      ;
; -0.902 ; FreqDivider:fd_inst|s_divCounter[1]  ; FreqDivider:fd_inst|s_divCounter[17] ; CLK          ; CLK         ; 1.000        ; 0.155      ; 2.044      ;
; -0.902 ; FreqDivider:fd_inst|s_divCounter[1]  ; FreqDivider:fd_inst|s_divCounter[18] ; CLK          ; CLK         ; 1.000        ; 0.155      ; 2.044      ;
; -0.902 ; FreqDivider:fd_inst|s_divCounter[1]  ; FreqDivider:fd_inst|s_divCounter[19] ; CLK          ; CLK         ; 1.000        ; 0.155      ; 2.044      ;
; -0.902 ; FreqDivider:fd_inst|s_divCounter[1]  ; FreqDivider:fd_inst|s_divCounter[20] ; CLK          ; CLK         ; 1.000        ; 0.155      ; 2.044      ;
; -0.902 ; FreqDivider:fd_inst|s_divCounter[1]  ; FreqDivider:fd_inst|s_divCounter[21] ; CLK          ; CLK         ; 1.000        ; 0.155      ; 2.044      ;
; -0.893 ; FreqDivider:fd_inst|s_divCounter[18] ; FreqDivider:fd_inst|clkOut           ; CLK          ; CLK         ; 1.000        ; -0.052     ; 1.828      ;
; -0.892 ; FreqDivider:fd_inst|s_divCounter[2]  ; FreqDivider:fd_inst|s_divCounter[24] ; CLK          ; CLK         ; 1.000        ; 0.155      ; 2.034      ;
; -0.892 ; FreqDivider:fd_inst|s_divCounter[2]  ; FreqDivider:fd_inst|s_divCounter[23] ; CLK          ; CLK         ; 1.000        ; 0.155      ; 2.034      ;
; -0.892 ; FreqDivider:fd_inst|s_divCounter[2]  ; FreqDivider:fd_inst|s_divCounter[22] ; CLK          ; CLK         ; 1.000        ; 0.155      ; 2.034      ;
; -0.892 ; FreqDivider:fd_inst|s_divCounter[2]  ; FreqDivider:fd_inst|s_divCounter[16] ; CLK          ; CLK         ; 1.000        ; 0.155      ; 2.034      ;
; -0.892 ; FreqDivider:fd_inst|s_divCounter[2]  ; FreqDivider:fd_inst|s_divCounter[17] ; CLK          ; CLK         ; 1.000        ; 0.155      ; 2.034      ;
; -0.892 ; FreqDivider:fd_inst|s_divCounter[2]  ; FreqDivider:fd_inst|s_divCounter[18] ; CLK          ; CLK         ; 1.000        ; 0.155      ; 2.034      ;
; -0.892 ; FreqDivider:fd_inst|s_divCounter[2]  ; FreqDivider:fd_inst|s_divCounter[19] ; CLK          ; CLK         ; 1.000        ; 0.155      ; 2.034      ;
; -0.892 ; FreqDivider:fd_inst|s_divCounter[2]  ; FreqDivider:fd_inst|s_divCounter[20] ; CLK          ; CLK         ; 1.000        ; 0.155      ; 2.034      ;
; -0.892 ; FreqDivider:fd_inst|s_divCounter[2]  ; FreqDivider:fd_inst|s_divCounter[21] ; CLK          ; CLK         ; 1.000        ; 0.155      ; 2.034      ;
; -0.888 ; FreqDivider:fd_inst|s_divCounter[13] ; FreqDivider:fd_inst|s_divCounter[24] ; CLK          ; CLK         ; 1.000        ; -0.051     ; 1.824      ;
; -0.888 ; FreqDivider:fd_inst|s_divCounter[13] ; FreqDivider:fd_inst|s_divCounter[23] ; CLK          ; CLK         ; 1.000        ; -0.051     ; 1.824      ;
; -0.888 ; FreqDivider:fd_inst|s_divCounter[13] ; FreqDivider:fd_inst|s_divCounter[22] ; CLK          ; CLK         ; 1.000        ; -0.051     ; 1.824      ;
; -0.888 ; FreqDivider:fd_inst|s_divCounter[13] ; FreqDivider:fd_inst|s_divCounter[16] ; CLK          ; CLK         ; 1.000        ; -0.051     ; 1.824      ;
; -0.888 ; FreqDivider:fd_inst|s_divCounter[13] ; FreqDivider:fd_inst|s_divCounter[17] ; CLK          ; CLK         ; 1.000        ; -0.051     ; 1.824      ;
; -0.888 ; FreqDivider:fd_inst|s_divCounter[13] ; FreqDivider:fd_inst|s_divCounter[18] ; CLK          ; CLK         ; 1.000        ; -0.051     ; 1.824      ;
; -0.888 ; FreqDivider:fd_inst|s_divCounter[13] ; FreqDivider:fd_inst|s_divCounter[19] ; CLK          ; CLK         ; 1.000        ; -0.051     ; 1.824      ;
; -0.888 ; FreqDivider:fd_inst|s_divCounter[13] ; FreqDivider:fd_inst|s_divCounter[20] ; CLK          ; CLK         ; 1.000        ; -0.051     ; 1.824      ;
; -0.888 ; FreqDivider:fd_inst|s_divCounter[13] ; FreqDivider:fd_inst|s_divCounter[21] ; CLK          ; CLK         ; 1.000        ; -0.051     ; 1.824      ;
; -0.888 ; FreqDivider:fd_inst|s_divCounter[21] ; FreqDivider:fd_inst|clkOut           ; CLK          ; CLK         ; 1.000        ; -0.052     ; 1.823      ;
; -0.887 ; FreqDivider:fd_inst|s_divCounter[12] ; FreqDivider:fd_inst|s_divCounter[24] ; CLK          ; CLK         ; 1.000        ; -0.051     ; 1.823      ;
; -0.887 ; FreqDivider:fd_inst|s_divCounter[12] ; FreqDivider:fd_inst|s_divCounter[23] ; CLK          ; CLK         ; 1.000        ; -0.051     ; 1.823      ;
; -0.887 ; FreqDivider:fd_inst|s_divCounter[12] ; FreqDivider:fd_inst|s_divCounter[22] ; CLK          ; CLK         ; 1.000        ; -0.051     ; 1.823      ;
; -0.887 ; FreqDivider:fd_inst|s_divCounter[12] ; FreqDivider:fd_inst|s_divCounter[16] ; CLK          ; CLK         ; 1.000        ; -0.051     ; 1.823      ;
; -0.887 ; FreqDivider:fd_inst|s_divCounter[12] ; FreqDivider:fd_inst|s_divCounter[17] ; CLK          ; CLK         ; 1.000        ; -0.051     ; 1.823      ;
; -0.887 ; FreqDivider:fd_inst|s_divCounter[12] ; FreqDivider:fd_inst|s_divCounter[18] ; CLK          ; CLK         ; 1.000        ; -0.051     ; 1.823      ;
; -0.887 ; FreqDivider:fd_inst|s_divCounter[12] ; FreqDivider:fd_inst|s_divCounter[19] ; CLK          ; CLK         ; 1.000        ; -0.051     ; 1.823      ;
; -0.887 ; FreqDivider:fd_inst|s_divCounter[12] ; FreqDivider:fd_inst|s_divCounter[20] ; CLK          ; CLK         ; 1.000        ; -0.051     ; 1.823      ;
; -0.887 ; FreqDivider:fd_inst|s_divCounter[12] ; FreqDivider:fd_inst|s_divCounter[21] ; CLK          ; CLK         ; 1.000        ; -0.051     ; 1.823      ;
; -0.868 ; FreqDivider:fd_inst|s_divCounter[8]  ; FreqDivider:fd_inst|s_divCounter[24] ; CLK          ; CLK         ; 1.000        ; 0.155      ; 2.010      ;
; -0.868 ; FreqDivider:fd_inst|s_divCounter[8]  ; FreqDivider:fd_inst|s_divCounter[23] ; CLK          ; CLK         ; 1.000        ; 0.155      ; 2.010      ;
; -0.868 ; FreqDivider:fd_inst|s_divCounter[8]  ; FreqDivider:fd_inst|s_divCounter[22] ; CLK          ; CLK         ; 1.000        ; 0.155      ; 2.010      ;
; -0.868 ; FreqDivider:fd_inst|s_divCounter[8]  ; FreqDivider:fd_inst|s_divCounter[16] ; CLK          ; CLK         ; 1.000        ; 0.155      ; 2.010      ;
; -0.868 ; FreqDivider:fd_inst|s_divCounter[8]  ; FreqDivider:fd_inst|s_divCounter[17] ; CLK          ; CLK         ; 1.000        ; 0.155      ; 2.010      ;
; -0.868 ; FreqDivider:fd_inst|s_divCounter[8]  ; FreqDivider:fd_inst|s_divCounter[18] ; CLK          ; CLK         ; 1.000        ; 0.155      ; 2.010      ;
; -0.868 ; FreqDivider:fd_inst|s_divCounter[8]  ; FreqDivider:fd_inst|s_divCounter[19] ; CLK          ; CLK         ; 1.000        ; 0.155      ; 2.010      ;
; -0.868 ; FreqDivider:fd_inst|s_divCounter[8]  ; FreqDivider:fd_inst|s_divCounter[20] ; CLK          ; CLK         ; 1.000        ; 0.155      ; 2.010      ;
; -0.868 ; FreqDivider:fd_inst|s_divCounter[8]  ; FreqDivider:fd_inst|s_divCounter[21] ; CLK          ; CLK         ; 1.000        ; 0.155      ; 2.010      ;
; -0.855 ; FreqDivider:fd_inst|s_divCounter[3]  ; FreqDivider:fd_inst|s_divCounter[24] ; CLK          ; CLK         ; 1.000        ; 0.155      ; 1.997      ;
; -0.855 ; FreqDivider:fd_inst|s_divCounter[3]  ; FreqDivider:fd_inst|s_divCounter[23] ; CLK          ; CLK         ; 1.000        ; 0.155      ; 1.997      ;
; -0.855 ; FreqDivider:fd_inst|s_divCounter[3]  ; FreqDivider:fd_inst|s_divCounter[22] ; CLK          ; CLK         ; 1.000        ; 0.155      ; 1.997      ;
; -0.855 ; FreqDivider:fd_inst|s_divCounter[3]  ; FreqDivider:fd_inst|s_divCounter[16] ; CLK          ; CLK         ; 1.000        ; 0.155      ; 1.997      ;
; -0.855 ; FreqDivider:fd_inst|s_divCounter[3]  ; FreqDivider:fd_inst|s_divCounter[17] ; CLK          ; CLK         ; 1.000        ; 0.155      ; 1.997      ;
; -0.855 ; FreqDivider:fd_inst|s_divCounter[3]  ; FreqDivider:fd_inst|s_divCounter[18] ; CLK          ; CLK         ; 1.000        ; 0.155      ; 1.997      ;
; -0.855 ; FreqDivider:fd_inst|s_divCounter[3]  ; FreqDivider:fd_inst|s_divCounter[19] ; CLK          ; CLK         ; 1.000        ; 0.155      ; 1.997      ;
; -0.855 ; FreqDivider:fd_inst|s_divCounter[3]  ; FreqDivider:fd_inst|s_divCounter[20] ; CLK          ; CLK         ; 1.000        ; 0.155      ; 1.997      ;
; -0.855 ; FreqDivider:fd_inst|s_divCounter[3]  ; FreqDivider:fd_inst|s_divCounter[21] ; CLK          ; CLK         ; 1.000        ; 0.155      ; 1.997      ;
; -0.844 ; FreqDivider:fd_inst|s_divCounter[1]  ; FreqDivider:fd_inst|s_divCounter[0]  ; CLK          ; CLK         ; 1.000        ; -0.041     ; 1.790      ;
; -0.844 ; FreqDivider:fd_inst|s_divCounter[1]  ; FreqDivider:fd_inst|s_divCounter[1]  ; CLK          ; CLK         ; 1.000        ; -0.041     ; 1.790      ;
; -0.844 ; FreqDivider:fd_inst|s_divCounter[1]  ; FreqDivider:fd_inst|s_divCounter[2]  ; CLK          ; CLK         ; 1.000        ; -0.041     ; 1.790      ;
; -0.844 ; FreqDivider:fd_inst|s_divCounter[1]  ; FreqDivider:fd_inst|s_divCounter[3]  ; CLK          ; CLK         ; 1.000        ; -0.041     ; 1.790      ;
; -0.844 ; FreqDivider:fd_inst|s_divCounter[1]  ; FreqDivider:fd_inst|s_divCounter[6]  ; CLK          ; CLK         ; 1.000        ; -0.041     ; 1.790      ;
; -0.844 ; FreqDivider:fd_inst|s_divCounter[1]  ; FreqDivider:fd_inst|s_divCounter[7]  ; CLK          ; CLK         ; 1.000        ; -0.041     ; 1.790      ;
; -0.844 ; FreqDivider:fd_inst|s_divCounter[1]  ; FreqDivider:fd_inst|s_divCounter[8]  ; CLK          ; CLK         ; 1.000        ; -0.041     ; 1.790      ;
; -0.844 ; FreqDivider:fd_inst|s_divCounter[1]  ; FreqDivider:fd_inst|s_divCounter[9]  ; CLK          ; CLK         ; 1.000        ; -0.041     ; 1.790      ;
+--------+--------------------------------------+--------------------------------------+--------------+-------------+--------------+------------+------------+


+-----------------------------------------------------------------------------------------------------------------------------------------------------------+
; Fast 1200mV 0C Model Hold: 'CLK'                                                                                                                          ;
+-------+--------------------------------------+--------------------------------------+--------------+-------------+--------------+------------+------------+
; Slack ; From Node                            ; To Node                              ; Launch Clock ; Latch Clock ; Relationship ; Clock Skew ; Data Delay ;
+-------+--------------------------------------+--------------------------------------+--------------+-------------+--------------+------------+------------+
; 0.174 ; FreqDivider:fd_inst|clkOut           ; FreqDivider:fd_inst|clkOut           ; CLK          ; CLK         ; 0.000        ; 0.049      ; 0.307      ;
; 0.205 ; FreqDivider:fd_inst|s_divCounter[24] ; FreqDivider:fd_inst|s_divCounter[24] ; CLK          ; CLK         ; 0.000        ; 0.048      ; 0.337      ;
; 0.246 ; FreqDivider:fd_inst|s_divCounter[9]  ; FreqDivider:fd_inst|s_divCounter[10] ; CLK          ; CLK         ; 0.000        ; 0.243      ; 0.573      ;
; 0.247 ; FreqDivider:fd_inst|s_divCounter[3]  ; FreqDivider:fd_inst|s_divCounter[4]  ; CLK          ; CLK         ; 0.000        ; 0.243      ; 0.574      ;
; 0.287 ; FreqDivider:fd_inst|s_divCounter[19] ; FreqDivider:fd_inst|s_divCounter[19] ; CLK          ; CLK         ; 0.000        ; 0.048      ; 0.419      ;
; 0.288 ; FreqDivider:fd_inst|s_divCounter[18] ; FreqDivider:fd_inst|s_divCounter[18] ; CLK          ; CLK         ; 0.000        ; 0.048      ; 0.420      ;
; 0.288 ; FreqDivider:fd_inst|s_divCounter[20] ; FreqDivider:fd_inst|s_divCounter[20] ; CLK          ; CLK         ; 0.000        ; 0.048      ; 0.420      ;
; 0.288 ; FreqDivider:fd_inst|s_divCounter[21] ; FreqDivider:fd_inst|s_divCounter[21] ; CLK          ; CLK         ; 0.000        ; 0.048      ; 0.420      ;
; 0.293 ; FreqDivider:fd_inst|s_divCounter[23] ; FreqDivider:fd_inst|s_divCounter[23] ; CLK          ; CLK         ; 0.000        ; 0.048      ; 0.425      ;
; 0.297 ; FreqDivider:fd_inst|s_divCounter[5]  ; FreqDivider:fd_inst|s_divCounter[5]  ; CLK          ; CLK         ; 0.000        ; 0.049      ; 0.430      ;
; 0.297 ; FreqDivider:fd_inst|s_divCounter[17] ; FreqDivider:fd_inst|s_divCounter[17] ; CLK          ; CLK         ; 0.000        ; 0.048      ; 0.429      ;
; 0.298 ; FreqDivider:fd_inst|s_divCounter[11] ; FreqDivider:fd_inst|s_divCounter[11] ; CLK          ; CLK         ; 0.000        ; 0.041      ; 0.423      ;
; 0.299 ; FreqDivider:fd_inst|s_divCounter[1]  ; FreqDivider:fd_inst|s_divCounter[1]  ; CLK          ; CLK         ; 0.000        ; 0.041      ; 0.424      ;
; 0.299 ; FreqDivider:fd_inst|s_divCounter[9]  ; FreqDivider:fd_inst|s_divCounter[9]  ; CLK          ; CLK         ; 0.000        ; 0.041      ; 0.424      ;
; 0.300 ; FreqDivider:fd_inst|s_divCounter[3]  ; FreqDivider:fd_inst|s_divCounter[3]  ; CLK          ; CLK         ; 0.000        ; 0.041      ; 0.425      ;
; 0.300 ; FreqDivider:fd_inst|s_divCounter[7]  ; FreqDivider:fd_inst|s_divCounter[7]  ; CLK          ; CLK         ; 0.000        ; 0.041      ; 0.425      ;
; 0.300 ; FreqDivider:fd_inst|s_divCounter[16] ; FreqDivider:fd_inst|s_divCounter[16] ; CLK          ; CLK         ; 0.000        ; 0.048      ; 0.432      ;
; 0.301 ; FreqDivider:fd_inst|s_divCounter[22] ; FreqDivider:fd_inst|s_divCounter[22] ; CLK          ; CLK         ; 0.000        ; 0.048      ; 0.433      ;
; 0.302 ; FreqDivider:fd_inst|s_divCounter[6]  ; FreqDivider:fd_inst|s_divCounter[6]  ; CLK          ; CLK         ; 0.000        ; 0.041      ; 0.427      ;
; 0.305 ; FreqDivider:fd_inst|s_divCounter[4]  ; FreqDivider:fd_inst|s_divCounter[4]  ; CLK          ; CLK         ; 0.000        ; 0.049      ; 0.438      ;
; 0.310 ; FreqDivider:fd_inst|s_divCounter[3]  ; FreqDivider:fd_inst|s_divCounter[5]  ; CLK          ; CLK         ; 0.000        ; 0.243      ; 0.637      ;
; 0.312 ; FreqDivider:fd_inst|s_divCounter[1]  ; FreqDivider:fd_inst|s_divCounter[4]  ; CLK          ; CLK         ; 0.000        ; 0.243      ; 0.639      ;
; 0.313 ; FreqDivider:fd_inst|s_divCounter[0]  ; FreqDivider:fd_inst|s_divCounter[0]  ; CLK          ; CLK         ; 0.000        ; 0.041      ; 0.438      ;
; 0.313 ; FreqDivider:fd_inst|s_divCounter[7]  ; FreqDivider:fd_inst|s_divCounter[10] ; CLK          ; CLK         ; 0.000        ; 0.243      ; 0.640      ;
; 0.320 ; FreqDivider:fd_inst|s_divCounter[2]  ; FreqDivider:fd_inst|s_divCounter[4]  ; CLK          ; CLK         ; 0.000        ; 0.243      ; 0.647      ;
; 0.320 ; FreqDivider:fd_inst|s_divCounter[8]  ; FreqDivider:fd_inst|s_divCounter[10] ; CLK          ; CLK         ; 0.000        ; 0.243      ; 0.647      ;
; 0.327 ; FreqDivider:fd_inst|s_divCounter[0]  ; FreqDivider:fd_inst|s_divCounter[4]  ; CLK          ; CLK         ; 0.000        ; 0.243      ; 0.654      ;
; 0.327 ; FreqDivider:fd_inst|s_divCounter[6]  ; FreqDivider:fd_inst|s_divCounter[10] ; CLK          ; CLK         ; 0.000        ; 0.243      ; 0.654      ;
; 0.357 ; FreqDivider:fd_inst|s_divCounter[10] ; FreqDivider:fd_inst|s_divCounter[10] ; CLK          ; CLK         ; 0.000        ; 0.049      ; 0.490      ;
; 0.361 ; FreqDivider:fd_inst|s_divCounter[2]  ; FreqDivider:fd_inst|s_divCounter[2]  ; CLK          ; CLK         ; 0.000        ; 0.041      ; 0.486      ;
; 0.361 ; FreqDivider:fd_inst|s_divCounter[8]  ; FreqDivider:fd_inst|s_divCounter[8]  ; CLK          ; CLK         ; 0.000        ; 0.041      ; 0.486      ;
; 0.375 ; FreqDivider:fd_inst|s_divCounter[1]  ; FreqDivider:fd_inst|s_divCounter[5]  ; CLK          ; CLK         ; 0.000        ; 0.243      ; 0.702      ;
; 0.376 ; FreqDivider:fd_inst|s_divCounter[11] ; FreqDivider:fd_inst|s_divCounter[16] ; CLK          ; CLK         ; 0.000        ; 0.244      ; 0.704      ;
; 0.383 ; FreqDivider:fd_inst|s_divCounter[2]  ; FreqDivider:fd_inst|s_divCounter[5]  ; CLK          ; CLK         ; 0.000        ; 0.243      ; 0.710      ;
; 0.390 ; FreqDivider:fd_inst|s_divCounter[0]  ; FreqDivider:fd_inst|s_divCounter[5]  ; CLK          ; CLK         ; 0.000        ; 0.243      ; 0.717      ;
; 0.436 ; FreqDivider:fd_inst|s_divCounter[19] ; FreqDivider:fd_inst|s_divCounter[20] ; CLK          ; CLK         ; 0.000        ; 0.048      ; 0.568      ;
; 0.437 ; FreqDivider:fd_inst|s_divCounter[21] ; FreqDivider:fd_inst|s_divCounter[22] ; CLK          ; CLK         ; 0.000        ; 0.048      ; 0.569      ;
; 0.439 ; FreqDivider:fd_inst|s_divCounter[11] ; FreqDivider:fd_inst|s_divCounter[17] ; CLK          ; CLK         ; 0.000        ; 0.244      ; 0.767      ;
; 0.442 ; FreqDivider:fd_inst|s_divCounter[23] ; FreqDivider:fd_inst|s_divCounter[24] ; CLK          ; CLK         ; 0.000        ; 0.048      ; 0.574      ;
; 0.442 ; FreqDivider:fd_inst|s_divCounter[11] ; FreqDivider:fd_inst|s_divCounter[18] ; CLK          ; CLK         ; 0.000        ; 0.244      ; 0.770      ;
; 0.443 ; FreqDivider:fd_inst|s_divCounter[9]  ; FreqDivider:fd_inst|s_divCounter[16] ; CLK          ; CLK         ; 0.000        ; 0.244      ; 0.771      ;
; 0.445 ; FreqDivider:fd_inst|s_divCounter[3]  ; FreqDivider:fd_inst|s_divCounter[10] ; CLK          ; CLK         ; 0.000        ; 0.243      ; 0.772      ;
; 0.446 ; FreqDivider:fd_inst|s_divCounter[18] ; FreqDivider:fd_inst|s_divCounter[19] ; CLK          ; CLK         ; 0.000        ; 0.048      ; 0.578      ;
; 0.446 ; FreqDivider:fd_inst|s_divCounter[20] ; FreqDivider:fd_inst|s_divCounter[21] ; CLK          ; CLK         ; 0.000        ; 0.048      ; 0.578      ;
; 0.446 ; FreqDivider:fd_inst|s_divCounter[17] ; FreqDivider:fd_inst|s_divCounter[18] ; CLK          ; CLK         ; 0.000        ; 0.048      ; 0.578      ;
; 0.448 ; FreqDivider:fd_inst|s_divCounter[1]  ; FreqDivider:fd_inst|s_divCounter[2]  ; CLK          ; CLK         ; 0.000        ; 0.041      ; 0.573      ;
; 0.449 ; FreqDivider:fd_inst|s_divCounter[7]  ; FreqDivider:fd_inst|s_divCounter[8]  ; CLK          ; CLK         ; 0.000        ; 0.041      ; 0.574      ;
; 0.449 ; FreqDivider:fd_inst|s_divCounter[18] ; FreqDivider:fd_inst|s_divCounter[20] ; CLK          ; CLK         ; 0.000        ; 0.048      ; 0.581      ;
; 0.449 ; FreqDivider:fd_inst|s_divCounter[20] ; FreqDivider:fd_inst|s_divCounter[22] ; CLK          ; CLK         ; 0.000        ; 0.048      ; 0.581      ;
; 0.458 ; FreqDivider:fd_inst|s_divCounter[16] ; FreqDivider:fd_inst|s_divCounter[17] ; CLK          ; CLK         ; 0.000        ; 0.048      ; 0.590      ;
; 0.459 ; FreqDivider:fd_inst|s_divCounter[22] ; FreqDivider:fd_inst|s_divCounter[23] ; CLK          ; CLK         ; 0.000        ; 0.048      ; 0.591      ;
; 0.460 ; FreqDivider:fd_inst|s_divCounter[0]  ; FreqDivider:fd_inst|s_divCounter[1]  ; CLK          ; CLK         ; 0.000        ; 0.041      ; 0.585      ;
; 0.460 ; FreqDivider:fd_inst|s_divCounter[6]  ; FreqDivider:fd_inst|s_divCounter[7]  ; CLK          ; CLK         ; 0.000        ; 0.041      ; 0.585      ;
; 0.461 ; FreqDivider:fd_inst|s_divCounter[16] ; FreqDivider:fd_inst|s_divCounter[18] ; CLK          ; CLK         ; 0.000        ; 0.048      ; 0.593      ;
; 0.462 ; FreqDivider:fd_inst|s_divCounter[22] ; FreqDivider:fd_inst|s_divCounter[24] ; CLK          ; CLK         ; 0.000        ; 0.048      ; 0.594      ;
; 0.463 ; FreqDivider:fd_inst|s_divCounter[4]  ; FreqDivider:fd_inst|s_divCounter[5]  ; CLK          ; CLK         ; 0.000        ; 0.049      ; 0.596      ;
; 0.463 ; FreqDivider:fd_inst|s_divCounter[0]  ; FreqDivider:fd_inst|s_divCounter[2]  ; CLK          ; CLK         ; 0.000        ; 0.041      ; 0.588      ;
; 0.463 ; FreqDivider:fd_inst|s_divCounter[6]  ; FreqDivider:fd_inst|s_divCounter[8]  ; CLK          ; CLK         ; 0.000        ; 0.041      ; 0.588      ;
; 0.499 ; FreqDivider:fd_inst|s_divCounter[19] ; FreqDivider:fd_inst|s_divCounter[21] ; CLK          ; CLK         ; 0.000        ; 0.048      ; 0.631      ;
; 0.500 ; FreqDivider:fd_inst|s_divCounter[21] ; FreqDivider:fd_inst|s_divCounter[23] ; CLK          ; CLK         ; 0.000        ; 0.048      ; 0.632      ;
; 0.502 ; FreqDivider:fd_inst|s_divCounter[19] ; FreqDivider:fd_inst|s_divCounter[22] ; CLK          ; CLK         ; 0.000        ; 0.048      ; 0.634      ;
; 0.503 ; FreqDivider:fd_inst|s_divCounter[21] ; FreqDivider:fd_inst|s_divCounter[24] ; CLK          ; CLK         ; 0.000        ; 0.048      ; 0.635      ;
; 0.505 ; FreqDivider:fd_inst|s_divCounter[11] ; FreqDivider:fd_inst|s_divCounter[19] ; CLK          ; CLK         ; 0.000        ; 0.244      ; 0.833      ;
; 0.506 ; FreqDivider:fd_inst|s_divCounter[9]  ; FreqDivider:fd_inst|s_divCounter[17] ; CLK          ; CLK         ; 0.000        ; 0.244      ; 0.834      ;
; 0.508 ; FreqDivider:fd_inst|s_divCounter[11] ; FreqDivider:fd_inst|s_divCounter[20] ; CLK          ; CLK         ; 0.000        ; 0.244      ; 0.836      ;
; 0.509 ; FreqDivider:fd_inst|s_divCounter[9]  ; FreqDivider:fd_inst|s_divCounter[18] ; CLK          ; CLK         ; 0.000        ; 0.244      ; 0.837      ;
; 0.509 ; FreqDivider:fd_inst|s_divCounter[17] ; FreqDivider:fd_inst|s_divCounter[19] ; CLK          ; CLK         ; 0.000        ; 0.048      ; 0.641      ;
; 0.510 ; FreqDivider:fd_inst|s_divCounter[7]  ; FreqDivider:fd_inst|s_divCounter[16] ; CLK          ; CLK         ; 0.000        ; 0.244      ; 0.838      ;
; 0.510 ; FreqDivider:fd_inst|s_divCounter[1]  ; FreqDivider:fd_inst|s_divCounter[10] ; CLK          ; CLK         ; 0.000        ; 0.243      ; 0.837      ;
; 0.511 ; FreqDivider:fd_inst|s_divCounter[9]  ; FreqDivider:fd_inst|s_divCounter[11] ; CLK          ; CLK         ; 0.000        ; 0.041      ; 0.636      ;
; 0.511 ; FreqDivider:fd_inst|s_divCounter[1]  ; FreqDivider:fd_inst|s_divCounter[3]  ; CLK          ; CLK         ; 0.000        ; 0.041      ; 0.636      ;
; 0.512 ; FreqDivider:fd_inst|s_divCounter[7]  ; FreqDivider:fd_inst|s_divCounter[9]  ; CLK          ; CLK         ; 0.000        ; 0.041      ; 0.637      ;
; 0.512 ; FreqDivider:fd_inst|s_divCounter[18] ; FreqDivider:fd_inst|s_divCounter[21] ; CLK          ; CLK         ; 0.000        ; 0.048      ; 0.644      ;
; 0.512 ; FreqDivider:fd_inst|s_divCounter[20] ; FreqDivider:fd_inst|s_divCounter[23] ; CLK          ; CLK         ; 0.000        ; 0.048      ; 0.644      ;
; 0.512 ; FreqDivider:fd_inst|s_divCounter[17] ; FreqDivider:fd_inst|s_divCounter[20] ; CLK          ; CLK         ; 0.000        ; 0.048      ; 0.644      ;
; 0.515 ; FreqDivider:fd_inst|s_divCounter[3]  ; FreqDivider:fd_inst|s_divCounter[6]  ; CLK          ; CLK         ; 0.000        ; 0.041      ; 0.640      ;
; 0.515 ; FreqDivider:fd_inst|s_divCounter[18] ; FreqDivider:fd_inst|s_divCounter[22] ; CLK          ; CLK         ; 0.000        ; 0.048      ; 0.647      ;
; 0.515 ; FreqDivider:fd_inst|s_divCounter[20] ; FreqDivider:fd_inst|s_divCounter[24] ; CLK          ; CLK         ; 0.000        ; 0.048      ; 0.647      ;
; 0.517 ; FreqDivider:fd_inst|s_divCounter[8]  ; FreqDivider:fd_inst|s_divCounter[16] ; CLK          ; CLK         ; 0.000        ; 0.244      ; 0.845      ;
; 0.518 ; FreqDivider:fd_inst|s_divCounter[2]  ; FreqDivider:fd_inst|s_divCounter[10] ; CLK          ; CLK         ; 0.000        ; 0.243      ; 0.845      ;
; 0.519 ; FreqDivider:fd_inst|s_divCounter[2]  ; FreqDivider:fd_inst|s_divCounter[3]  ; CLK          ; CLK         ; 0.000        ; 0.041      ; 0.644      ;
; 0.519 ; FreqDivider:fd_inst|s_divCounter[8]  ; FreqDivider:fd_inst|s_divCounter[9]  ; CLK          ; CLK         ; 0.000        ; 0.041      ; 0.644      ;
; 0.524 ; FreqDivider:fd_inst|s_divCounter[16] ; FreqDivider:fd_inst|s_divCounter[19] ; CLK          ; CLK         ; 0.000        ; 0.048      ; 0.656      ;
; 0.524 ; FreqDivider:fd_inst|s_divCounter[6]  ; FreqDivider:fd_inst|s_divCounter[16] ; CLK          ; CLK         ; 0.000        ; 0.244      ; 0.852      ;
; 0.525 ; FreqDivider:fd_inst|s_divCounter[0]  ; FreqDivider:fd_inst|s_divCounter[10] ; CLK          ; CLK         ; 0.000        ; 0.243      ; 0.852      ;
; 0.526 ; FreqDivider:fd_inst|s_divCounter[0]  ; FreqDivider:fd_inst|s_divCounter[3]  ; CLK          ; CLK         ; 0.000        ; 0.041      ; 0.651      ;
; 0.526 ; FreqDivider:fd_inst|s_divCounter[6]  ; FreqDivider:fd_inst|s_divCounter[9]  ; CLK          ; CLK         ; 0.000        ; 0.041      ; 0.651      ;
; 0.527 ; FreqDivider:fd_inst|s_divCounter[16] ; FreqDivider:fd_inst|s_divCounter[20] ; CLK          ; CLK         ; 0.000        ; 0.048      ; 0.659      ;
; 0.565 ; FreqDivider:fd_inst|s_divCounter[19] ; FreqDivider:fd_inst|s_divCounter[23] ; CLK          ; CLK         ; 0.000        ; 0.048      ; 0.697      ;
; 0.568 ; FreqDivider:fd_inst|s_divCounter[19] ; FreqDivider:fd_inst|s_divCounter[24] ; CLK          ; CLK         ; 0.000        ; 0.048      ; 0.700      ;
; 0.571 ; FreqDivider:fd_inst|s_divCounter[11] ; FreqDivider:fd_inst|s_divCounter[21] ; CLK          ; CLK         ; 0.000        ; 0.244      ; 0.899      ;
; 0.572 ; FreqDivider:fd_inst|s_divCounter[9]  ; FreqDivider:fd_inst|s_divCounter[19] ; CLK          ; CLK         ; 0.000        ; 0.244      ; 0.900      ;
; 0.573 ; FreqDivider:fd_inst|s_divCounter[7]  ; FreqDivider:fd_inst|s_divCounter[17] ; CLK          ; CLK         ; 0.000        ; 0.244      ; 0.901      ;
; 0.574 ; FreqDivider:fd_inst|s_divCounter[11] ; FreqDivider:fd_inst|s_divCounter[22] ; CLK          ; CLK         ; 0.000        ; 0.244      ; 0.902      ;
; 0.575 ; FreqDivider:fd_inst|s_divCounter[9]  ; FreqDivider:fd_inst|s_divCounter[20] ; CLK          ; CLK         ; 0.000        ; 0.244      ; 0.903      ;
; 0.575 ; FreqDivider:fd_inst|s_divCounter[17] ; FreqDivider:fd_inst|s_divCounter[21] ; CLK          ; CLK         ; 0.000        ; 0.048      ; 0.707      ;
; 0.576 ; FreqDivider:fd_inst|s_divCounter[7]  ; FreqDivider:fd_inst|s_divCounter[18] ; CLK          ; CLK         ; 0.000        ; 0.244      ; 0.904      ;
; 0.578 ; FreqDivider:fd_inst|s_divCounter[5]  ; FreqDivider:fd_inst|s_divCounter[10] ; CLK          ; CLK         ; 0.000        ; 0.049      ; 0.711      ;
; 0.578 ; FreqDivider:fd_inst|s_divCounter[3]  ; FreqDivider:fd_inst|s_divCounter[7]  ; CLK          ; CLK         ; 0.000        ; 0.041      ; 0.703      ;
; 0.578 ; FreqDivider:fd_inst|s_divCounter[7]  ; FreqDivider:fd_inst|s_divCounter[11] ; CLK          ; CLK         ; 0.000        ; 0.041      ; 0.703      ;
+-------+--------------------------------------+--------------------------------------+--------------+-------------+--------------+------------+------------+


----------------------------------------------
; Fast 1200mV 0C Model Metastability Summary ;
----------------------------------------------
No synchronizer chains to report.


+-------------------------------------------------------------------------------+
; Multicorner Timing Analysis Summary                                           ;
+------------------+---------+-------+----------+---------+---------------------+
; Clock            ; Setup   ; Hold  ; Recovery ; Removal ; Minimum Pulse Width ;
+------------------+---------+-------+----------+---------+---------------------+
; Worst-case Slack ; -3.166  ; 0.174 ; N/A      ; N/A     ; -3.000              ;
;  CLK             ; -3.166  ; 0.174 ; N/A      ; N/A     ; -3.000              ;
; Design-wide TNS  ; -78.648 ; 0.0   ; 0.0      ; 0.0     ; -36.41              ;
;  CLK             ; -78.648 ; 0.000 ; N/A      ; N/A     ; -36.410             ;
+------------------+---------+-------+----------+---------+---------------------+


+------------------------------------------------------------------------------------------------------------------------------------------------------------------------------------------------------------------------------------------------------------------------------------------------------------------------------------------------------------------------------------------------------------------+
; Board Trace Model Assignments                                                                                                                                                                                                                                                                                                                                                                                    ;
+---------------+--------------+-------------------+-------------------------+-------------------------+---------------+---------------------+----------------+------------------+--------+------------------+------------------------+------------------------+--------------+---------------+-----------------+-------+---------------------+--------------------+---------------+-----------------+-------------+
; Pin           ; I/O Standard ; Near Tline Length ; Near Tline L per Length ; Near Tline C per Length ; Near Series R ; Near Differential R ; Near Pull-up R ; Near Pull-down R ; Near C ; Far Tline Length ; Far Tline L per Length ; Far Tline C per Length ; Far Series R ; Far Pull-up R ; Far Pull-down R ; Far C ; Termination Voltage ; Far Differential R ; EBD File Name ; EBD Signal Name ; EBD Far-end ;
+---------------+--------------+-------------------+-------------------------+-------------------------+---------------+---------------------+----------------+------------------+--------+------------------+------------------------+------------------------+--------------+---------------+-----------------+-------+---------------------+--------------------+---------------+-----------------+-------------+
; LEDR[0]       ; 2.5 V        ; 0 in              ; 0 H/in                  ; 0 F/in                  ; short         ; -                   ; open           ; open             ; open   ; 0 in             ; 0 H/in                 ; 0 F/in                 ; short        ; open          ; open            ; open  ; 0 V                 ; -                  ; n/a           ; n/a             ; n/a         ;
; LEDR[1]       ; 2.5 V        ; 0 in              ; 0 H/in                  ; 0 F/in                  ; short         ; -                   ; open           ; open             ; open   ; 0 in             ; 0 H/in                 ; 0 F/in                 ; short        ; open          ; open            ; open  ; 0 V                 ; -                  ; n/a           ; n/a             ; n/a         ;
; LEDR[2]       ; 2.5 V        ; 0 in              ; 0 H/in                  ; 0 F/in                  ; short         ; -                   ; open           ; open             ; open   ; 0 in             ; 0 H/in                 ; 0 F/in                 ; short        ; open          ; open            ; open  ; 0 V                 ; -                  ; n/a           ; n/a             ; n/a         ;
; LEDR[3]       ; 2.5 V        ; 0 in              ; 0 H/in                  ; 0 F/in                  ; short         ; -                   ; open           ; open             ; open   ; 0 in             ; 0 H/in                 ; 0 F/in                 ; short        ; open          ; open            ; open  ; 0 V                 ; -                  ; n/a           ; n/a             ; n/a         ;
; LEDG[0]       ; 2.5 V        ; 0 in              ; 0 H/in                  ; 0 F/in                  ; short         ; -                   ; open           ; open             ; open   ; 0 in             ; 0 H/in                 ; 0 F/in                 ; short        ; open          ; open            ; open  ; 0 V                 ; -                  ; n/a           ; n/a             ; n/a         ;
; LEDG[1]       ; 2.5 V        ; 0 in              ; 0 H/in                  ; 0 F/in                  ; short         ; -                   ; open           ; open             ; open   ; 0 in             ; 0 H/in                 ; 0 F/in                 ; short        ; open          ; open            ; open  ; 0 V                 ; -                  ; n/a           ; n/a             ; n/a         ;
; LEDG[2]       ; 2.5 V        ; 0 in              ; 0 H/in                  ; 0 F/in                  ; short         ; -                   ; open           ; open             ; open   ; 0 in             ; 0 H/in                 ; 0 F/in                 ; short        ; open          ; open            ; open  ; 0 V                 ; -                  ; n/a           ; n/a             ; n/a         ;
; LEDG[3]       ; 2.5 V        ; 0 in              ; 0 H/in                  ; 0 F/in                  ; short         ; -                   ; open           ; open             ; open   ; 0 in             ; 0 H/in                 ; 0 F/in                 ; short        ; open          ; open            ; open  ; 0 V                 ; -                  ; n/a           ; n/a             ; n/a         ;
; ~ALTERA_DCLK~ ; 2.5 V        ; 0 in              ; 0 H/in                  ; 0 F/in                  ; short         ; -                   ; open           ; open             ; open   ; 0 in             ; 0 H/in                 ; 0 F/in                 ; short        ; open          ; open            ; open  ; 0 V                 ; -                  ; n/a           ; n/a             ; n/a         ;
; ~ALTERA_nCEO~ ; 2.5 V        ; 0 in              ; 0 H/in                  ; 0 F/in                  ; short         ; -                   ; open           ; open             ; open   ; 0 in             ; 0 H/in                 ; 0 F/in                 ; short        ; open          ; open            ; open  ; 0 V                 ; -                  ; n/a           ; n/a             ; n/a         ;
+---------------+--------------+-------------------+-------------------------+-------------------------+---------------+---------------------+----------------+------------------+--------+------------------+------------------------+------------------------+--------------+---------------+-----------------+-------+---------------------+--------------------+---------------+-----------------+-------------+


+----------------------------------------------------------------------------+
; Input Transition Times                                                     ;
+-------------------------+--------------+-----------------+-----------------+
; Pin                     ; I/O Standard ; 10-90 Rise Time ; 90-10 Fall Time ;
+-------------------------+--------------+-----------------+-----------------+
; SW[0]                   ; 2.5 V        ; 2000 ps         ; 2000 ps         ;
; SW[1]                   ; 2.5 V        ; 2000 ps         ; 2000 ps         ;
; CLK                     ; 2.5 V        ; 2000 ps         ; 2000 ps         ;
; ~ALTERA_ASDO_DATA1~     ; 2.5 V        ; 2000 ps         ; 2000 ps         ;
; ~ALTERA_FLASH_nCE_nCSO~ ; 2.5 V        ; 2000 ps         ; 2000 ps         ;
; ~ALTERA_DATA0~          ; 2.5 V        ; 2000 ps         ; 2000 ps         ;
+-------------------------+--------------+-----------------+-----------------+


+--------------------------------------------------------------------------------------------------------------------------------------------------------------------------------------------------------------------------------------------------------------------------------------------------------------------------------------------------------------------------------------------------------------------------------------------------------------------------------------------------------------------------------------------------------------------------------------------------------------------------------------------------------------------------------------------+
; Signal Integrity Metrics (Slow 1200mv 0c Model)                                                                                                                                                                                                                                                                                                                                                                                                                                                                                                                                                                                                                                            ;
+---------------+--------------+---------------------+---------------------+------------------------------+------------------------------+---------------------+---------------------+--------------------------------------+--------------------------------------+-----------------------------+-----------------------------+----------------------------+----------------------------+-----------------------------+-----------------------------+--------------------+--------------------+-------------------------------------+-------------------------------------+----------------------------+----------------------------+---------------------------+---------------------------+
; Pin           ; I/O Standard ; Board Delay on Rise ; Board Delay on Fall ; Steady State Voh at FPGA Pin ; Steady State Vol at FPGA Pin ; Voh Max at FPGA Pin ; Vol Min at FPGA Pin ; Ringback Voltage on Rise at FPGA Pin ; Ringback Voltage on Fall at FPGA Pin ; 10-90 Rise Time at FPGA Pin ; 90-10 Fall Time at FPGA Pin ; Monotonic Rise at FPGA Pin ; Monotonic Fall at FPGA Pin ; Steady State Voh at Far-end ; Steady State Vol at Far-end ; Voh Max at Far-end ; Vol Min at Far-end ; Ringback Voltage on Rise at Far-end ; Ringback Voltage on Fall at Far-end ; 10-90 Rise Time at Far-end ; 90-10 Fall Time at Far-end ; Monotonic Rise at Far-end ; Monotonic Fall at Far-end ;
+---------------+--------------+---------------------+---------------------+------------------------------+------------------------------+---------------------+---------------------+--------------------------------------+--------------------------------------+-----------------------------+-----------------------------+----------------------------+----------------------------+-----------------------------+-----------------------------+--------------------+--------------------+-------------------------------------+-------------------------------------+----------------------------+----------------------------+---------------------------+---------------------------+
; LEDR[0]       ; 2.5 V        ; 0 s                 ; 0 s                 ; 2.32 V                       ; 4.49e-09 V                   ; 2.38 V              ; -0.00552 V          ; 0.096 V                              ; 0.019 V                              ; 4.18e-10 s                  ; 3.59e-10 s                  ; No                         ; Yes                        ; 2.32 V                      ; 4.49e-09 V                  ; 2.38 V             ; -0.00552 V         ; 0.096 V                             ; 0.019 V                             ; 4.18e-10 s                 ; 3.59e-10 s                 ; No                        ; Yes                       ;
; LEDR[1]       ; 2.5 V        ; 0 s                 ; 0 s                 ; 2.32 V                       ; 4.49e-09 V                   ; 2.38 V              ; -0.00552 V          ; 0.096 V                              ; 0.019 V                              ; 4.18e-10 s                  ; 3.59e-10 s                  ; No                         ; Yes                        ; 2.32 V                      ; 4.49e-09 V                  ; 2.38 V             ; -0.00552 V         ; 0.096 V                             ; 0.019 V                             ; 4.18e-10 s                 ; 3.59e-10 s                 ; No                        ; Yes                       ;
; LEDR[2]       ; 2.5 V        ; 0 s                 ; 0 s                 ; 2.32 V                       ; 4.49e-09 V                   ; 2.38 V              ; -0.00552 V          ; 0.096 V                              ; 0.019 V                              ; 4.18e-10 s                  ; 3.59e-10 s                  ; No                         ; Yes                        ; 2.32 V                      ; 4.49e-09 V                  ; 2.38 V             ; -0.00552 V         ; 0.096 V                             ; 0.019 V                             ; 4.18e-10 s                 ; 3.59e-10 s                 ; No                        ; Yes                       ;
; LEDR[3]       ; 2.5 V        ; 0 s                 ; 0 s                 ; 2.32 V                       ; 4.49e-09 V                   ; 2.38 V              ; -0.00552 V          ; 0.096 V                              ; 0.019 V                              ; 4.18e-10 s                  ; 3.59e-10 s                  ; No                         ; Yes                        ; 2.32 V                      ; 4.49e-09 V                  ; 2.38 V             ; -0.00552 V         ; 0.096 V                             ; 0.019 V                             ; 4.18e-10 s                 ; 3.59e-10 s                 ; No                        ; Yes                       ;
; LEDG[0]       ; 2.5 V        ; 0 s                 ; 0 s                 ; 2.32 V                       ; 4.49e-09 V                   ; 2.38 V              ; -0.00552 V          ; 0.096 V                              ; 0.019 V                              ; 4.18e-10 s                  ; 3.59e-10 s                  ; No                         ; Yes                        ; 2.32 V                      ; 4.49e-09 V                  ; 2.38 V             ; -0.00552 V         ; 0.096 V                             ; 0.019 V                             ; 4.18e-10 s                 ; 3.59e-10 s                 ; No                        ; Yes                       ;
; LEDG[1]       ; 2.5 V        ; 0 s                 ; 0 s                 ; 2.32 V                       ; 4.49e-09 V                   ; 2.38 V              ; -0.00552 V          ; 0.096 V                              ; 0.019 V                              ; 4.18e-10 s                  ; 3.59e-10 s                  ; No                         ; Yes                        ; 2.32 V                      ; 4.49e-09 V                  ; 2.38 V             ; -0.00552 V         ; 0.096 V                             ; 0.019 V                             ; 4.18e-10 s                 ; 3.59e-10 s                 ; No                        ; Yes                       ;
; LEDG[2]       ; 2.5 V        ; 0 s                 ; 0 s                 ; 2.32 V                       ; 4.49e-09 V                   ; 2.38 V              ; -0.00552 V          ; 0.096 V                              ; 0.019 V                              ; 4.18e-10 s                  ; 3.59e-10 s                  ; No                         ; Yes                        ; 2.32 V                      ; 4.49e-09 V                  ; 2.38 V             ; -0.00552 V         ; 0.096 V                             ; 0.019 V                             ; 4.18e-10 s                 ; 3.59e-10 s                 ; No                        ; Yes                       ;
; LEDG[3]       ; 2.5 V        ; 0 s                 ; 0 s                 ; 2.32 V                       ; 4.49e-09 V                   ; 2.38 V              ; -0.00552 V          ; 0.096 V                              ; 0.019 V                              ; 4.18e-10 s                  ; 3.59e-10 s                  ; No                         ; Yes                        ; 2.32 V                      ; 4.49e-09 V                  ; 2.38 V             ; -0.00552 V         ; 0.096 V                             ; 0.019 V                             ; 4.18e-10 s                 ; 3.59e-10 s                 ; No                        ; Yes                       ;
; ~ALTERA_DCLK~ ; 2.5 V        ; 0 s                 ; 0 s                 ; 2.32 V                       ; 2.67e-09 V                   ; 2.38 V              ; -0.0485 V           ; 0.167 V                              ; 0.096 V                              ; 2.95e-10 s                  ; 2.73e-10 s                  ; Yes                        ; Yes                        ; 2.32 V                      ; 2.67e-09 V                  ; 2.38 V             ; -0.0485 V          ; 0.167 V                             ; 0.096 V                             ; 2.95e-10 s                 ; 2.73e-10 s                 ; Yes                       ; Yes                       ;
; ~ALTERA_nCEO~ ; 2.5 V        ; 0 s                 ; 0 s                 ; 2.32 V                       ; 4.18e-09 V                   ; 2.38 V              ; -0.00483 V          ; 0.152 V                              ; 0.012 V                              ; 4.81e-10 s                  ; 6.29e-10 s                  ; Yes                        ; Yes                        ; 2.32 V                      ; 4.18e-09 V                  ; 2.38 V             ; -0.00483 V         ; 0.152 V                             ; 0.012 V                             ; 4.81e-10 s                 ; 6.29e-10 s                 ; Yes                       ; Yes                       ;
+---------------+--------------+---------------------+---------------------+------------------------------+------------------------------+---------------------+---------------------+--------------------------------------+--------------------------------------+-----------------------------+-----------------------------+----------------------------+----------------------------+-----------------------------+-----------------------------+--------------------+--------------------+-------------------------------------+-------------------------------------+----------------------------+----------------------------+---------------------------+---------------------------+


+--------------------------------------------------------------------------------------------------------------------------------------------------------------------------------------------------------------------------------------------------------------------------------------------------------------------------------------------------------------------------------------------------------------------------------------------------------------------------------------------------------------------------------------------------------------------------------------------------------------------------------------------------------------------------------------------+
; Signal Integrity Metrics (Slow 1200mv 85c Model)                                                                                                                                                                                                                                                                                                                                                                                                                                                                                                                                                                                                                                           ;
+---------------+--------------+---------------------+---------------------+------------------------------+------------------------------+---------------------+---------------------+--------------------------------------+--------------------------------------+-----------------------------+-----------------------------+----------------------------+----------------------------+-----------------------------+-----------------------------+--------------------+--------------------+-------------------------------------+-------------------------------------+----------------------------+----------------------------+---------------------------+---------------------------+
; Pin           ; I/O Standard ; Board Delay on Rise ; Board Delay on Fall ; Steady State Voh at FPGA Pin ; Steady State Vol at FPGA Pin ; Voh Max at FPGA Pin ; Vol Min at FPGA Pin ; Ringback Voltage on Rise at FPGA Pin ; Ringback Voltage on Fall at FPGA Pin ; 10-90 Rise Time at FPGA Pin ; 90-10 Fall Time at FPGA Pin ; Monotonic Rise at FPGA Pin ; Monotonic Fall at FPGA Pin ; Steady State Voh at Far-end ; Steady State Vol at Far-end ; Voh Max at Far-end ; Vol Min at Far-end ; Ringback Voltage on Rise at Far-end ; Ringback Voltage on Fall at Far-end ; 10-90 Rise Time at Far-end ; 90-10 Fall Time at Far-end ; Monotonic Rise at Far-end ; Monotonic Fall at Far-end ;
+---------------+--------------+---------------------+---------------------+------------------------------+------------------------------+---------------------+---------------------+--------------------------------------+--------------------------------------+-----------------------------+-----------------------------+----------------------------+----------------------------+-----------------------------+-----------------------------+--------------------+--------------------+-------------------------------------+-------------------------------------+----------------------------+----------------------------+---------------------------+---------------------------+
; LEDR[0]       ; 2.5 V        ; 0 s                 ; 0 s                 ; 2.32 V                       ; 6.92e-07 V                   ; 2.35 V              ; -0.00996 V          ; 0.121 V                              ; 0.03 V                               ; 4.64e-10 s                  ; 4.47e-10 s                  ; Yes                        ; Yes                        ; 2.32 V                      ; 6.92e-07 V                  ; 2.35 V             ; -0.00996 V         ; 0.121 V                             ; 0.03 V                              ; 4.64e-10 s                 ; 4.47e-10 s                 ; Yes                       ; Yes                       ;
; LEDR[1]       ; 2.5 V        ; 0 s                 ; 0 s                 ; 2.32 V                       ; 6.92e-07 V                   ; 2.35 V              ; -0.00996 V          ; 0.121 V                              ; 0.03 V                               ; 4.64e-10 s                  ; 4.47e-10 s                  ; Yes                        ; Yes                        ; 2.32 V                      ; 6.92e-07 V                  ; 2.35 V             ; -0.00996 V         ; 0.121 V                             ; 0.03 V                              ; 4.64e-10 s                 ; 4.47e-10 s                 ; Yes                       ; Yes                       ;
; LEDR[2]       ; 2.5 V        ; 0 s                 ; 0 s                 ; 2.32 V                       ; 6.92e-07 V                   ; 2.35 V              ; -0.00996 V          ; 0.121 V                              ; 0.03 V                               ; 4.64e-10 s                  ; 4.47e-10 s                  ; Yes                        ; Yes                        ; 2.32 V                      ; 6.92e-07 V                  ; 2.35 V             ; -0.00996 V         ; 0.121 V                             ; 0.03 V                              ; 4.64e-10 s                 ; 4.47e-10 s                 ; Yes                       ; Yes                       ;
; LEDR[3]       ; 2.5 V        ; 0 s                 ; 0 s                 ; 2.32 V                       ; 6.92e-07 V                   ; 2.35 V              ; -0.00996 V          ; 0.121 V                              ; 0.03 V                               ; 4.64e-10 s                  ; 4.47e-10 s                  ; Yes                        ; Yes                        ; 2.32 V                      ; 6.92e-07 V                  ; 2.35 V             ; -0.00996 V         ; 0.121 V                             ; 0.03 V                              ; 4.64e-10 s                 ; 4.47e-10 s                 ; Yes                       ; Yes                       ;
; LEDG[0]       ; 2.5 V        ; 0 s                 ; 0 s                 ; 2.32 V                       ; 6.92e-07 V                   ; 2.35 V              ; -0.00996 V          ; 0.121 V                              ; 0.03 V                               ; 4.64e-10 s                  ; 4.47e-10 s                  ; Yes                        ; Yes                        ; 2.32 V                      ; 6.92e-07 V                  ; 2.35 V             ; -0.00996 V         ; 0.121 V                             ; 0.03 V                              ; 4.64e-10 s                 ; 4.47e-10 s                 ; Yes                       ; Yes                       ;
; LEDG[1]       ; 2.5 V        ; 0 s                 ; 0 s                 ; 2.32 V                       ; 6.92e-07 V                   ; 2.35 V              ; -0.00996 V          ; 0.121 V                              ; 0.03 V                               ; 4.64e-10 s                  ; 4.47e-10 s                  ; Yes                        ; Yes                        ; 2.32 V                      ; 6.92e-07 V                  ; 2.35 V             ; -0.00996 V         ; 0.121 V                             ; 0.03 V                              ; 4.64e-10 s                 ; 4.47e-10 s                 ; Yes                       ; Yes                       ;
; LEDG[2]       ; 2.5 V        ; 0 s                 ; 0 s                 ; 2.32 V                       ; 6.92e-07 V                   ; 2.35 V              ; -0.00996 V          ; 0.121 V                              ; 0.03 V                               ; 4.64e-10 s                  ; 4.47e-10 s                  ; Yes                        ; Yes                        ; 2.32 V                      ; 6.92e-07 V                  ; 2.35 V             ; -0.00996 V         ; 0.121 V                             ; 0.03 V                              ; 4.64e-10 s                 ; 4.47e-10 s                 ; Yes                       ; Yes                       ;
; LEDG[3]       ; 2.5 V        ; 0 s                 ; 0 s                 ; 2.32 V                       ; 6.92e-07 V                   ; 2.35 V              ; -0.00996 V          ; 0.121 V                              ; 0.03 V                               ; 4.64e-10 s                  ; 4.47e-10 s                  ; Yes                        ; Yes                        ; 2.32 V                      ; 6.92e-07 V                  ; 2.35 V             ; -0.00996 V         ; 0.121 V                             ; 0.03 V                              ; 4.64e-10 s                 ; 4.47e-10 s                 ; Yes                       ; Yes                       ;
; ~ALTERA_DCLK~ ; 2.5 V        ; 0 s                 ; 0 s                 ; 2.32 V                       ; 3.75e-07 V                   ; 2.35 V              ; -0.0109 V           ; 0.084 V                              ; 0.027 V                              ; 4.31e-10 s                  ; 3.61e-10 s                  ; Yes                        ; Yes                        ; 2.32 V                      ; 3.75e-07 V                  ; 2.35 V             ; -0.0109 V          ; 0.084 V                             ; 0.027 V                             ; 4.31e-10 s                 ; 3.61e-10 s                 ; Yes                       ; Yes                       ;
; ~ALTERA_nCEO~ ; 2.5 V        ; 0 s                 ; 0 s                 ; 2.32 V                       ; 6.15e-07 V                   ; 2.35 V              ; -0.00712 V          ; 0.093 V                              ; 0.02 V                               ; 6.21e-10 s                  ; 7.9e-10 s                   ; Yes                        ; Yes                        ; 2.32 V                      ; 6.15e-07 V                  ; 2.35 V             ; -0.00712 V         ; 0.093 V                             ; 0.02 V                              ; 6.21e-10 s                 ; 7.9e-10 s                  ; Yes                       ; Yes                       ;
+---------------+--------------+---------------------+---------------------+------------------------------+------------------------------+---------------------+---------------------+--------------------------------------+--------------------------------------+-----------------------------+-----------------------------+----------------------------+----------------------------+-----------------------------+-----------------------------+--------------------+--------------------+-------------------------------------+-------------------------------------+----------------------------+----------------------------+---------------------------+---------------------------+


+--------------------------------------------------------------------------------------------------------------------------------------------------------------------------------------------------------------------------------------------------------------------------------------------------------------------------------------------------------------------------------------------------------------------------------------------------------------------------------------------------------------------------------------------------------------------------------------------------------------------------------------------------------------------------------------------+
; Signal Integrity Metrics (Fast 1200mv 0c Model)                                                                                                                                                                                                                                                                                                                                                                                                                                                                                                                                                                                                                                            ;
+---------------+--------------+---------------------+---------------------+------------------------------+------------------------------+---------------------+---------------------+--------------------------------------+--------------------------------------+-----------------------------+-----------------------------+----------------------------+----------------------------+-----------------------------+-----------------------------+--------------------+--------------------+-------------------------------------+-------------------------------------+----------------------------+----------------------------+---------------------------+---------------------------+
; Pin           ; I/O Standard ; Board Delay on Rise ; Board Delay on Fall ; Steady State Voh at FPGA Pin ; Steady State Vol at FPGA Pin ; Voh Max at FPGA Pin ; Vol Min at FPGA Pin ; Ringback Voltage on Rise at FPGA Pin ; Ringback Voltage on Fall at FPGA Pin ; 10-90 Rise Time at FPGA Pin ; 90-10 Fall Time at FPGA Pin ; Monotonic Rise at FPGA Pin ; Monotonic Fall at FPGA Pin ; Steady State Voh at Far-end ; Steady State Vol at Far-end ; Voh Max at Far-end ; Vol Min at Far-end ; Ringback Voltage on Rise at Far-end ; Ringback Voltage on Fall at Far-end ; 10-90 Rise Time at Far-end ; 90-10 Fall Time at Far-end ; Monotonic Rise at Far-end ; Monotonic Fall at Far-end ;
+---------------+--------------+---------------------+---------------------+------------------------------+------------------------------+---------------------+---------------------+--------------------------------------+--------------------------------------+-----------------------------+-----------------------------+----------------------------+----------------------------+-----------------------------+-----------------------------+--------------------+--------------------+-------------------------------------+-------------------------------------+----------------------------+----------------------------+---------------------------+---------------------------+
; LEDR[0]       ; 2.5 V        ; 0 s                 ; 0 s                 ; 2.62 V                       ; 4.05e-08 V                   ; 2.72 V              ; -0.0349 V           ; 0.173 V                              ; 0.1 V                                ; 2.72e-10 s                  ; 2.69e-10 s                  ; Yes                        ; Yes                        ; 2.62 V                      ; 4.05e-08 V                  ; 2.72 V             ; -0.0349 V          ; 0.173 V                             ; 0.1 V                               ; 2.72e-10 s                 ; 2.69e-10 s                 ; Yes                       ; Yes                       ;
; LEDR[1]       ; 2.5 V        ; 0 s                 ; 0 s                 ; 2.62 V                       ; 4.05e-08 V                   ; 2.72 V              ; -0.0349 V           ; 0.173 V                              ; 0.1 V                                ; 2.72e-10 s                  ; 2.69e-10 s                  ; Yes                        ; Yes                        ; 2.62 V                      ; 4.05e-08 V                  ; 2.72 V             ; -0.0349 V          ; 0.173 V                             ; 0.1 V                               ; 2.72e-10 s                 ; 2.69e-10 s                 ; Yes                       ; Yes                       ;
; LEDR[2]       ; 2.5 V        ; 0 s                 ; 0 s                 ; 2.62 V                       ; 4.05e-08 V                   ; 2.72 V              ; -0.0349 V           ; 0.173 V                              ; 0.1 V                                ; 2.72e-10 s                  ; 2.69e-10 s                  ; Yes                        ; Yes                        ; 2.62 V                      ; 4.05e-08 V                  ; 2.72 V             ; -0.0349 V          ; 0.173 V                             ; 0.1 V                               ; 2.72e-10 s                 ; 2.69e-10 s                 ; Yes                       ; Yes                       ;
; LEDR[3]       ; 2.5 V        ; 0 s                 ; 0 s                 ; 2.62 V                       ; 4.05e-08 V                   ; 2.72 V              ; -0.0349 V           ; 0.173 V                              ; 0.1 V                                ; 2.72e-10 s                  ; 2.69e-10 s                  ; Yes                        ; Yes                        ; 2.62 V                      ; 4.05e-08 V                  ; 2.72 V             ; -0.0349 V          ; 0.173 V                             ; 0.1 V                               ; 2.72e-10 s                 ; 2.69e-10 s                 ; Yes                       ; Yes                       ;
; LEDG[0]       ; 2.5 V        ; 0 s                 ; 0 s                 ; 2.62 V                       ; 4.05e-08 V                   ; 2.72 V              ; -0.0349 V           ; 0.173 V                              ; 0.1 V                                ; 2.72e-10 s                  ; 2.69e-10 s                  ; Yes                        ; Yes                        ; 2.62 V                      ; 4.05e-08 V                  ; 2.72 V             ; -0.0349 V          ; 0.173 V                             ; 0.1 V                               ; 2.72e-10 s                 ; 2.69e-10 s                 ; Yes                       ; Yes                       ;
; LEDG[1]       ; 2.5 V        ; 0 s                 ; 0 s                 ; 2.62 V                       ; 4.05e-08 V                   ; 2.72 V              ; -0.0349 V           ; 0.173 V                              ; 0.1 V                                ; 2.72e-10 s                  ; 2.69e-10 s                  ; Yes                        ; Yes                        ; 2.62 V                      ; 4.05e-08 V                  ; 2.72 V             ; -0.0349 V          ; 0.173 V                             ; 0.1 V                               ; 2.72e-10 s                 ; 2.69e-10 s                 ; Yes                       ; Yes                       ;
; LEDG[2]       ; 2.5 V        ; 0 s                 ; 0 s                 ; 2.62 V                       ; 4.05e-08 V                   ; 2.72 V              ; -0.0349 V           ; 0.173 V                              ; 0.1 V                                ; 2.72e-10 s                  ; 2.69e-10 s                  ; Yes                        ; Yes                        ; 2.62 V                      ; 4.05e-08 V                  ; 2.72 V             ; -0.0349 V          ; 0.173 V                             ; 0.1 V                               ; 2.72e-10 s                 ; 2.69e-10 s                 ; Yes                       ; Yes                       ;
; LEDG[3]       ; 2.5 V        ; 0 s                 ; 0 s                 ; 2.62 V                       ; 4.05e-08 V                   ; 2.72 V              ; -0.0349 V           ; 0.173 V                              ; 0.1 V                                ; 2.72e-10 s                  ; 2.69e-10 s                  ; Yes                        ; Yes                        ; 2.62 V                      ; 4.05e-08 V                  ; 2.72 V             ; -0.0349 V          ; 0.173 V                             ; 0.1 V                               ; 2.72e-10 s                 ; 2.69e-10 s                 ; Yes                       ; Yes                       ;
; ~ALTERA_DCLK~ ; 2.5 V        ; 0 s                 ; 0 s                 ; 2.62 V                       ; 2.22e-08 V                   ; 2.74 V              ; -0.06 V             ; 0.158 V                              ; 0.08 V                               ; 2.68e-10 s                  ; 2.19e-10 s                  ; Yes                        ; Yes                        ; 2.62 V                      ; 2.22e-08 V                  ; 2.74 V             ; -0.06 V            ; 0.158 V                             ; 0.08 V                              ; 2.68e-10 s                 ; 2.19e-10 s                 ; Yes                       ; Yes                       ;
; ~ALTERA_nCEO~ ; 2.5 V        ; 0 s                 ; 0 s                 ; 2.62 V                       ; 3.54e-08 V                   ; 2.7 V               ; -0.00943 V          ; 0.276 V                              ; 0.035 V                              ; 3.19e-10 s                  ; 4.99e-10 s                  ; No                         ; Yes                        ; 2.62 V                      ; 3.54e-08 V                  ; 2.7 V              ; -0.00943 V         ; 0.276 V                             ; 0.035 V                             ; 3.19e-10 s                 ; 4.99e-10 s                 ; No                        ; Yes                       ;
+---------------+--------------+---------------------+---------------------+------------------------------+------------------------------+---------------------+---------------------+--------------------------------------+--------------------------------------+-----------------------------+-----------------------------+----------------------------+----------------------------+-----------------------------+-----------------------------+--------------------+--------------------+-------------------------------------+-------------------------------------+----------------------------+----------------------------+---------------------------+---------------------------+


+-------------------------------------------------------------------+
; Setup Transfers                                                   ;
+------------+----------+----------+----------+----------+----------+
; From Clock ; To Clock ; RR Paths ; FR Paths ; RF Paths ; FF Paths ;
+------------+----------+----------+----------+----------+----------+
; CLK        ; CLK      ; 1001     ; 0        ; 0        ; 0        ;
+------------+----------+----------+----------+----------+----------+
Entries labeled "false path" only account for clock-to-clock false paths and not path-based false paths. As a result, actual path counts may be lower than reported.


+-------------------------------------------------------------------+
; Hold Transfers                                                    ;
+------------+----------+----------+----------+----------+----------+
; From Clock ; To Clock ; RR Paths ; FR Paths ; RF Paths ; FF Paths ;
+------------+----------+----------+----------+----------+----------+
; CLK        ; CLK      ; 1001     ; 0        ; 0        ; 0        ;
+------------+----------+----------+----------+----------+----------+
Entries labeled "false path" only account for clock-to-clock false paths and not path-based false paths. As a result, actual path counts may be lower than reported.


---------------
; Report TCCS ;
---------------
No dedicated SERDES Transmitter circuitry present in device or used in design


---------------
; Report RSKM ;
---------------
No non-DPA dedicated SERDES Receiver circuitry present in device or used in design


+------------------------------------------------+
; Unconstrained Paths Summary                    ;
+---------------------------------+-------+------+
; Property                        ; Setup ; Hold ;
+---------------------------------+-------+------+
; Illegal Clocks                  ; 0     ; 0    ;
; Unconstrained Clocks            ; 0     ; 0    ;
; Unconstrained Input Ports       ; 2     ; 2    ;
; Unconstrained Input Port Paths  ; 68    ; 68   ;
; Unconstrained Output Ports      ; 8     ; 8    ;
; Unconstrained Output Port Paths ; 24    ; 24   ;
+---------------------------------+-------+------+


+-------------------------------------+
; Clock Status Summary                ;
+--------+-------+------+-------------+
; Target ; Clock ; Type ; Status      ;
+--------+-------+------+-------------+
; CLK    ; CLK   ; Base ; Constrained ;
+--------+-------+------+-------------+


+---------------------------------------------------------------------------------------------------+
; Unconstrained Input Ports                                                                         ;
+------------+--------------------------------------------------------------------------------------+
; Input Port ; Comment                                                                              ;
+------------+--------------------------------------------------------------------------------------+
; SW[0]      ; No input delay, min/max delays, false-path exceptions, or max skew assignments found ;
; SW[1]      ; No input delay, min/max delays, false-path exceptions, or max skew assignments found ;
+------------+--------------------------------------------------------------------------------------+


+-----------------------------------------------------------------------------------------------------+
; Unconstrained Output Ports                                                                          ;
+-------------+---------------------------------------------------------------------------------------+
; Output Port ; Comment                                                                               ;
+-------------+---------------------------------------------------------------------------------------+
; LEDG[0]     ; No output delay, min/max delays, false-path exceptions, or max skew assignments found ;
; LEDG[1]     ; No output delay, min/max delays, false-path exceptions, or max skew assignments found ;
; LEDG[2]     ; No output delay, min/max delays, false-path exceptions, or max skew assignments found ;
; LEDG[3]     ; No output delay, min/max delays, false-path exceptions, or max skew assignments found ;
; LEDR[0]     ; No output delay, min/max delays, false-path exceptions, or max skew assignments found ;
; LEDR[1]     ; No output delay, min/max delays, false-path exceptions, or max skew assignments found ;
; LEDR[2]     ; No output delay, min/max delays, false-path exceptions, or max skew assignments found ;
; LEDR[3]     ; No output delay, min/max delays, false-path exceptions, or max skew assignments found ;
+-------------+---------------------------------------------------------------------------------------+


+---------------------------------------------------------------------------------------------------+
; Unconstrained Input Ports                                                                         ;
+------------+--------------------------------------------------------------------------------------+
; Input Port ; Comment                                                                              ;
+------------+--------------------------------------------------------------------------------------+
; SW[0]      ; No input delay, min/max delays, false-path exceptions, or max skew assignments found ;
; SW[1]      ; No input delay, min/max delays, false-path exceptions, or max skew assignments found ;
+------------+--------------------------------------------------------------------------------------+


+-----------------------------------------------------------------------------------------------------+
; Unconstrained Output Ports                                                                          ;
+-------------+---------------------------------------------------------------------------------------+
; Output Port ; Comment                                                                               ;
+-------------+---------------------------------------------------------------------------------------+
; LEDG[0]     ; No output delay, min/max delays, false-path exceptions, or max skew assignments found ;
; LEDG[1]     ; No output delay, min/max delays, false-path exceptions, or max skew assignments found ;
; LEDG[2]     ; No output delay, min/max delays, false-path exceptions, or max skew assignments found ;
; LEDG[3]     ; No output delay, min/max delays, false-path exceptions, or max skew assignments found ;
; LEDR[0]     ; No output delay, min/max delays, false-path exceptions, or max skew assignments found ;
; LEDR[1]     ; No output delay, min/max delays, false-path exceptions, or max skew assignments found ;
; LEDR[2]     ; No output delay, min/max delays, false-path exceptions, or max skew assignments found ;
; LEDR[3]     ; No output delay, min/max delays, false-path exceptions, or max skew assignments found ;
+-------------+---------------------------------------------------------------------------------------+


+--------------------------+
; Timing Analyzer Messages ;
+--------------------------+
Info: *******************************************************************
Info: Running Quartus Prime Timing Analyzer
    Info: Version 22.1std.2 Build 922 07/20/2023 SC Lite Edition
    Info: Processing started: Mon Apr  7 17:49:12 2025
Info: Command: quartus_sta projeto -c projeto
Info: qsta_default_script.tcl version: #1
Warning (18236): Number of processors has not been specified which may cause overloading on shared machines.  Set the global assignment NUM_PARALLEL_PROCESSORS in your QSF to an appropriate value for best performance.
Info (20030): Parallel compilation is enabled and will use 8 of the 8 processors detected
Info (21077): Low junction temperature is 0 degrees C
Info (21077): High junction temperature is 85 degrees C
Critical Warning (332012): Synopsys Design Constraints File file not found: 'projeto.sdc'. A Synopsys Design Constraints File is required by the Timing Analyzer to get proper timing constraints. Without it, the Compiler will not properly optimize the design.
Info (332142): No user constrained base clocks found in the design. Calling "derive_clocks -period 1.0"
Info (332105): Deriving Clocks
    Info (332105): create_clock -period 1.000 -name CLK CLK
Info (332143): No user constrained clock uncertainty found in the design. Calling "derive_clock_uncertainty"
Info (332123): Deriving Clock Uncertainty. Please refer to report_sdc in the Timing Analyzer to see clock uncertainties.
Info: Found TIMING_ANALYZER_REPORT_SCRIPT_INCLUDE_DEFAULT_ANALYSIS = ON
Info: Analyzing Slow 1200mV 85C Model
Critical Warning (332148): Timing requirements not met
    Info (11105): For recommendations on closing timing, run Report Timing Closure Recommendations in the Timing Analyzer.
Info (332146): Worst-case setup slack is -3.166
    Info (332119):     Slack       End Point TNS Clock 
    Info (332119): ========= =================== =====================
    Info (332119):    -3.166             -78.648 CLK 
Info (332146): Worst-case hold slack is 0.386
    Info (332119):     Slack       End Point TNS Clock 
    Info (332119): ========= =================== =====================
    Info (332119):     0.386               0.000 CLK 
Info (332140): No Recovery paths to report
Info (332140): No Removal paths to report
Info (332146): Worst-case minimum pulse width slack is -3.000
    Info (332119):     Slack       End Point TNS Clock 
    Info (332119): ========= =================== =====================
    Info (332119):    -3.000             -36.410 CLK 
Info: Analyzing Slow 1200mV 0C Model
Info (334003): Started post-fitting delay annotation
Info (334004): Delay annotation completed successfully
Info (332123): Deriving Clock Uncertainty. Please refer to report_sdc in the Timing Analyzer to see clock uncertainties.
Critical Warning (332148): Timing requirements not met
    Info (11105): For recommendations on closing timing, run Report Timing Closure Recommendations in the Timing Analyzer.
Info (332146): Worst-case setup slack is -2.855
    Info (332119):     Slack       End Point TNS Clock 
    Info (332119): ========= =================== =====================
    Info (332119):    -2.855             -70.668 CLK 
Info (332146): Worst-case hold slack is 0.339
    Info (332119):     Slack       End Point TNS Clock 
    Info (332119): ========= =================== =====================
    Info (332119):     0.339               0.000 CLK 
Info (332140): No Recovery paths to report
Info (332140): No Removal paths to report
Info (332146): Worst-case minimum pulse width slack is -3.000
    Info (332119):     Slack       End Point TNS Clock 
    Info (332119): ========= =================== =====================
    Info (332119):    -3.000             -36.410 CLK 
Info: Analyzing Fast 1200mV 0C Model
Info (332123): Deriving Clock Uncertainty. Please refer to report_sdc in the Timing Analyzer to see clock uncertainties.
Critical Warning (332148): Timing requirements not met
    Info (11105): For recommendations on closing timing, run Report Timing Closure Recommendations in the Timing Analyzer.
Info (332146): Worst-case setup slack is -1.005
    Info (332119):     Slack       End Point TNS Clock 
    Info (332119): ========= =================== =====================
    Info (332119):    -1.005             -24.036 CLK 
Info (332146): Worst-case hold slack is 0.174
    Info (332119):     Slack       End Point TNS Clock 
    Info (332119): ========= =================== =====================
    Info (332119):     0.174               0.000 CLK 
Info (332140): No Recovery paths to report
Info (332140): No Removal paths to report
Info (332146): Worst-case minimum pulse width slack is -3.000
    Info (332119):     Slack       End Point TNS Clock 
    Info (332119): ========= =================== =====================
    Info (332119):    -3.000             -30.876 CLK 
Info (332102): Design is not fully constrained for setup requirements
Info (332102): Design is not fully constrained for hold requirements
Info: Quartus Prime Timing Analyzer was successful. 0 errors, 5 warnings
    Info: Peak virtual memory: 4914 megabytes
    Info: Processing ended: Mon Apr  7 17:49:14 2025
    Info: Elapsed time: 00:00:02
    Info: Total CPU time (on all processors): 00:00:01


